PartitionKey,RowKey,CountryCode,Latitude,Longitude,SW_Lat,NE_Lat,SW_Lon,NE_Lon
New Zealand,Wellington,NZ,-41.330203,174.790083,-41.51005912,-41.15034688,174.5505449,175.0296211
Australia,Melbourne,AU,-37.8178,145.018467,-37.99765612,-37.63794388,144.7907673,145.2461667
New Zealand,Auckland,NZ,-36.892838,174.77202,-37.07269412,-36.71298188,174.5471096,174.9969304
Australia,Canberra,AU,-35.237373,149.123048,-35.41722912,-35.05751688,148.9028365,149.3432595
Australia,Adelaide,AU,-34.883417,138.614586,-35.06327312,-34.70356088,138.3953288,138.8338432
Argentina,Buenos Aires,AR,-34.61908,-58.434682,-34.79893612,-34.43922388,-58.65324881,-58.21611519
South Africa,Cape Town,ZA,-33.943911,18.47387,-34.12376712,-33.76405488,18.25704568,18.69069432
Australia,Sydney,AU,-33.892304,151.15511,-34.07216012,-33.71244788,150.9384166,151.3718034
Chile,Santiago,CL,-33.486942,-70.646149,-33.66679812,-33.30708588,-70.86181939,-70.43047861
Australia,Newcastle,AU,-32.936755,151.725599,-33.11661112,-32.75689888,151.5112959,151.9399021
Australia,Perth,AU,-31.909618,115.850182,-32.08947412,-31.72976188,115.638298,116.062066
Brazil,Porto Alegre,BR,-30.076658,-51.200587,-30.25651412,-29.89680188,-51.40843512,-50.99273888
Brazil,Florianopolis,BR,-27.593112,-48.497544,-27.77296812,-27.41325588,-48.7004945,-48.2945935
Australia,Brisbane,AU,-27.42293,153.033998,-27.60278612,-27.24307388,152.8313624,153.2366336
South Africa,Johannesburg,ZA,-26.202734,27.997415,-26.38259012,-26.02287788,27.7969452,28.1978848
Brazil,Curitiba,BR,-25.407469,-49.223474,-25.58732512,-25.22761288,-49.42257887,-49.02436913
Paraguay,Asuncion,PY,-25.302594,-57.602588,-25.48245012,-25.12273788,-57.80151426,-57.40366174
Brazil,Sao Paulo,BR,-23.531084,-46.680337,-23.71094012,-23.35122788,-46.87646325,-46.48421075
Brazil,Campinas,BR,-22.928187,-47.107251,-23.10804312,-22.74833088,-47.30246767,-46.91203433
Brazil,Rio de Janeiro,BR,-22.901821,-43.222252,-23.08167712,-22.72196488,-43.4174335,-43.0270705
Brazil,Pouso Alegre,BR,-22.26945,-45.925121,-22.44930612,-22.08959388,-46.11946296,-45.73077904
Brazil,Juiz de Fora,BR,-21.740873,-43.385839,-21.92072912,-21.56101688,-43.57948473,-43.19219327
Brazil,Varginha,BR,-21.599048,-45.449384,-21.77890412,-21.41919188,-45.64284377,-45.25592423
Brazil,Campo Grande,BR,-20.501813,-54.586587,-20.68166912,-20.32195688,-54.77862006,-54.39455394
Brazil,Vitoria,BR,-20.318612,-40.338149,-20.49846812,-20.13875588,-40.5299459,-40.1463521
Brazil,Belo Horizonte,BR,-19.93462,-43.978084,-20.11447612,-19.75476388,-44.16939974,-43.78676826
Brazil,Uberaba,BR,-19.739511,-47.892257,-19.91936712,-19.55965488,-48.08335874,-47.70115526
Brazil,Uberlandia,BR,-18.930587,-48.230807,-19.11044312,-18.75073088,-48.42101402,-48.04059998
Brazil,Goiania,BR,-16.650638,-49.292859,-16.83049412,-16.47078188,-49.48063547,-49.10508253
Brazil,Brasilia,BR,-15.81959,-47.920713,-15.99944612,-15.63973388,-48.107646,-47.73378
Brazil,Cuiaba,BR,-15.58355,-56.055234,-15.76340612,-15.40369388,-56.24196102,-55.86850698
Brazil,Salvador,BR,-12.937068,-38.474448,-13.11692412,-12.75721188,-38.65906657,-38.28982943
Peru,Lima,PE,-12.038083,-77.082472,-12.21793912,-11.85822688,-77.26632771,-76.89861629
Brazil,Aracaju,BR,-10.903539,-37.083746,-11.08339512,-10.72368288,-37.26684766,-36.90064434
Brazil,Palmas,BR,-10.205959,-48.336959,-10.38581512,-10.02610288,-48.51971052,-48.15420748
Brazil,Rio Branco,BR,-9.94983,-67.862536,-10.12968612,-9.769973885,-68.0451593,-67.6799127
Brazil,Maceio,BR,-9.614106,-35.736491,-9.793962115,-9.434249885,-35.9189465,-35.5540355
Brazil,Porto Velho,BR,-8.761043,-63.855119,-8.940899115,-8.581186885,-64.03714952,-63.67308848
Brazil,Recife,BR,-8.060181,-34.928716,-8.240037115,-7.880324885,-35.11039884,-34.74703316
Brazil,Joao Pessoa,BR,-7.141127,-34.885002,-7.320983115,-6.961270885,-35.06623092,-34.70377308
Indonesia,Jakarta,ID,-6.187998,106.884664,-6.367854115,-6.008141885,106.7037707,107.0655573
Brazil,Natal,BR,-5.817574,-35.224652,-5.997430115,-5.637717885,-35.40542419,-35.04387981
Brazil,Teresina,BR,-5.077827,-42.760911,-5.257683115,-4.897970885,-42.94144178,-42.58038022
Brazil,Fortaleza,BR,-3.765517,-38.55643,-3.945373115,-3.585660885,-38.73673453,-38.37612547
Brazil,Manaus,BR,-3.076244,-60.005144,-3.256100115,-2.896387885,-60.18533656,-59.82495144
Brazil,Sao Luis,BR,-2.545661,-44.238376,-2.725517115,-2.365804885,-44.41848246,-44.05826954
Brazil,Belem,BR,-1.430802,-48.452975,-1.610658115,-1.250945885,-48.63290082,-48.27304918
Brazil,Macapa,BR,-0.002085,-51.094996,-0.181941115,0.177771115,-51.27517618,-50.91481582
Brazil,Boa Vista,BR,2.842878,-60.71649,2.663021885,3.022734115,-60.89664468,-60.53633532
Malaysia,Cyberjaya,MY,2.952768,101.666993,2.772911885,3.132624115,101.4868205,101.8471655
Malaysia,Klang Valley,MY,3.095195,101.675525,2.915338885,3.275051115,101.4953294,101.8557206
Malaysia,Kuala Lumpur,MY,3.095613,101.699723,2.915756885,3.275469115,101.5195273,101.8799187
Colombia,Cali,CO,3.408711,-76.531432,3.228854885,3.588567115,-76.71167855,-76.35118545
Colombia,Bogota,CO,4.667151,-74.065523,4.487294885,4.847007115,-74.24597421,-73.88507179
Colombia,Medellin,CO,6.253613,-75.609436,6.073756885,6.433469115,-75.7903508,-75.4285212
Nigeria,Lagos,NG,6.498469,3.34211,6.318612885,6.678325115,3.161115026,3.523104974
Panama,Panama City,PA,9.060343,-79.42241,8.880486885,9.240199115,-79.6045894,-79.2402306
India,Kochi,IN,9.972607,76.286016,9.792750885,10.15246312,76.1033813,76.4686507
Philippines,Cebu,PH,10.351083,123.913647,10.17122688,10.53093912,123.7308227,124.0964713
Colombia,Cartagena,CO,10.414002,-75.518549,10.23414588,10.59385812,-75.70140481,-75.33569319
Vietnam,Ho Chi Minh City,VN,10.795785,106.666262,10.61592888,10.97564112,106.4832145,106.8493095
Colombia,Barranquilla,CO,10.964147,-74.787145,10.78429088,11.14400312,-74.97027715,-74.60401285
Nicaragua,Managua,NI,12.127007,-86.192244,11.94715088,12.30686312,-86.37617488,-86.00831312
India,Bangalore,IN,12.928452,77.611587,12.74859588,13.10830812,77.42697577,77.79619823
India,Chennai,IN,13.042295,80.249139,12.86243888,13.22215112,80.06443794,80.43384006
Thailand,Bangkok,TH,13.739285,100.535002,13.55942888,13.91914112,100.3498242,100.7201798
Philippines,Manila,PH,14.633458,120.967718,14.45360188,14.81331412,120.7818155,121.1536205
India,Hyderabad,IN,17.385716,78.438302,17.20585988,17.56557212,78.24981327,78.62679073
Puerto Rico,San Juan,PR,18.448555,-66.062478,18.26869888,18.62841112,-66.2520766,-65.8728794
India,Pune,IN,18.528539,73.902299,18.34868288,18.70839512,73.71259971,74.09199829
Mexico,Puebla,MX,19.079091,-98.180443,18.89923488,19.25894712,-98.37082392,-97.99006208
India,Mumbai,IN,19.115031,72.904652,18.93517488,19.29488712,72.714232,73.09507201
Mexico,Toluca,MX,19.324389,-99.639302,19.14453288,19.50424512,-99.82995002,-99.44865398
Mexico,Mexico City,MX,19.387059,-99.124407,19.20720288,19.56691512,-99.31512338,-98.93369062
Mexico,Queretaro,MX,20.627808,-100.416383,20.44795188,20.80766412,-100.6085788,-100.2241872
Mexico,Guadalajara,MX,20.677902,-103.306185,20.49804588,20.85775812,-103.4984456,-103.1139244
Mexico,Silao,MX,20.927748,-101.429415,20.74789188,21.10760412,-101.6219994,-101.2368306
Vietnam,Hanoi,VN,20.988997,105.858619,20.80914088,21.16885312,105.6659551,106.0512829
Saudi Arabia,Jeddah,SA,21.319141,39.200338,21.13928488,21.49899712,39.0072442,39.3934318
Mexico,Aguascalientes,MX,21.915023,-102.255642,21.73516688,22.09487912,-102.4495166,-102.0617674
Mexico,San Luis Potosi,MX,22.123084,-100.953555,21.94322788,22.30294012,-101.1477037,-100.7594063
China,Shenzhen,CN,22.555941,114.103938,22.37608488,22.73579712,113.9092166,114.2986594
India,Kolkata,IN,22.572476,88.413087,22.39261988,22.75233212,88.21834364,88.60783036
China,Dongguan,CN,22.984777,113.727802,22.80492088,23.16463312,113.5325098,113.9230942
China,Guangzhou,CN,23.175126,113.271201,22.99526988,23.35498212,113.0756209,113.4667811
Oman,Muscat,OM,23.597902,58.453796,23.41804588,23.77775812,58.25756689,58.65002511
Saudi Arabia,Yanbu-Madinah,SA,23.986294,38.204226,23.80643788,24.16615012,38.00739685,38.40105515
United Arab Emirates,Abu Dhabi,AE,24.307943,54.647827,24.12808688,24.48779912,54.45049813,54.84515587
Saudi Arabia,Riyadh,SA,24.909704,46.605863,24.72984788,25.08956012,46.40759239,46.80413361
United Arab Emirates,Dubai,AE,25.181058,55.230371,25.00120188,25.36091412,55.03165133,55.42909067
Qatar,Doha,QA,25.250499,51.501265,25.07064288,25.43035512,51.30242735,51.70010265
Mexico,Saltillo,MX,25.38247,-101.005743,25.20261388,25.56232612,-101.2048053,-100.8066807
Mexico,Monterrey,MX,25.720932,-100.348297,25.54107588,25.90078812,-100.5479376,-100.1486564
United States,Miami (FL),US,25.777999,-80.238356,25.59814288,25.95785512,-80.4380945,-80.0386175
United States,Brownsville (TX),US,25.945225,-97.5099,25.76536888,26.12508112,-97.70992579,-97.30987421
Mexico,Reynosa,MX,26.02087,-98.260778,25.84101388,26.20072612,-98.46093402,-98.06062198
United States,Miami-Fort Lauderdale (FL),US,26.098265,-80.180072,25.91840888,26.27812112,-80.38036143,-79.97978257
Bahrain,Manama,BH,26.191923,50.557874,26.01206688,26.37177912,50.35742288,50.75832512
United States,Harlingen (TX),US,26.226142,-97.665772,26.04628588,26.40599812,-97.86628226,-97.46526174
United States,McAllen (TX),US,26.246955,-98.241816,26.06709888,26.42681112,-98.44236225,-98.04126975
Saudi Arabia,Dammam,SA,26.390042,50.026929,26.21018588,26.56989812,49.82613499,50.22772301
Saudi Arabia,Al Jubail,SA,26.983527,49.521153,26.80367088,27.16338312,49.31932477,49.72298123
United States,Laredo (TX),US,27.574939,-99.487688,27.39508288,27.75479512,-99.69060482,-99.28477118
United States,Corpus Christi (TX),US,27.756907,-97.409544,27.57705088,27.93676312,-97.61279854,-97.20628946
United States,Tampa (FL),US,27.983378,-82.425213,27.80352188,28.16323412,-82.62888944,-82.22153656
India,Gurgaon,IN,28.428483,77.063621,28.24862688,28.60833912,76.85908335,77.26815865
United States,Orlando (FL),US,28.520986,-81.332209,28.34112988,28.70084212,-81.53692676,-81.12749124
India,Noida,IN,28.572073,77.36064,28.39221688,28.75192912,77.15582264,77.56545736
India,New Delhi,IN,28.647344,77.173647,28.46748788,28.82720012,76.9686827,77.3786113
Mexico,Chihuahua,MX,28.673274,-106.092423,28.49341788,28.85313012,-106.297438,-105.887408
Kuwait,Kuwait City,KW,29.390279,47.997586,29.21042288,29.57013512,47.79114341,48.20402859
United States,San Antonio (TX),US,29.430619,-98.544188,29.25076288,29.61047512,-98.75071228,-98.33766372
Jordan,Aqaba,JO,29.56674,35.01009,29.38688388,29.74659612,34.80328957,35.21689043
China,Chongqing,CN,29.61145,106.528549,29.43159388,29.79130612,106.3216577,106.7354403
United States,Gainesville (FL),US,29.690603,-82.350605,29.51074688,29.87045912,-82.55765735,-82.14355265
United States,Houston (TX),US,29.744133,-95.321778,29.56427688,29.92398912,-95.52893942,-95.11461658
United States,New Orleans (LA),US,29.986382,-90.039402,29.80652588,30.16623812,-90.24705842,-89.83174558
Egypt,Cairo,EG,30.070523,31.277043,29.89066688,30.25037912,31.069208,31.484878
United States,Austin (TX),US,30.307315,-97.719773,30.12745888,30.48717112,-97.92811554,-97.51143046
China,Hangzhou,CN,30.317266,120.175047,30.13740988,30.49712212,119.9666831,120.3834109
United States,Jacksonville (FL),US,30.358002,-81.698432,30.17814588,30.53785812,-81.9068835,-81.4899805
United States,Gulfport (MS),US,30.387794,-89.046615,30.20793788,30.56765012,-89.2551306,-88.8380994
United States,Tallahassee (FL),US,30.473532,-84.249355,30.29367588,30.65338812,-84.45805529,-84.04065471
United States,Baton Rouge (LA),US,30.503178,-91.145755,30.32332188,30.68303412,-91.35451923,-90.93699077
China,Chengdu,CN,30.620912,104.06248,30.44105588,30.80076812,103.8534615,104.2714985
China,Wuhan,CN,30.62798,114.271218,30.44812388,30.80783612,114.0621842,114.4802518
United States,Mobile (AL),US,30.681883,-88.089768,30.50202688,30.86173912,-88.29891847,-87.88061753
China,Shanghai,CN,31.188956,121.457416,31.00909988,31.36881212,121.2471534,121.6676786
United States,Hattiesburg (MS),US,31.304136,-89.335803,31.12427988,31.48399212,-89.54632306,-89.12528294
China,Suzhou,CN,31.311749,120.635467,31.13189288,31.49160512,120.4249299,120.8460041
United States,San Angelo (TX),US,31.437876,-100.480384,31.25801988,31.61773212,-100.6912038,-100.2695642
China,Wuxi,CN,31.537188,120.300361,31.35733188,31.71704412,120.0893181,120.5114039
Mexico,Ciudad Juarez,MX,31.650529,-106.401959,31.47067288,31.83038512,-106.6132572,-106.1906608
United States,Natchitoches (LA),US,31.718012,-93.102799,31.53815588,31.89786812,-93.31424945,-92.89134855
United States,El Paso (TX),US,31.754105,-106.396493,31.57424888,31.93396112,-106.608025,-106.184961
China,Changzhou,CN,31.772986,119.952519,31.59312988,31.95284212,119.7409444,120.1640936
Mexico,Ensenada,MX,31.821861,-116.602323,31.64200488,32.00171712,-116.8140082,-116.3906378
Jordan,Amman,JO,31.972541,35.895954,31.79268488,32.15239712,35.68392728,36.10798072
China,Nanjing,CN,32.017354,118.789738,31.83749788,32.19721012,118.5776083,119.0018677
United States,Savannah (GA),US,32.03942,-81.112667,31.85956388,32.21927612,-81.32484832,-80.90048568
Israel,Tel Aviv,IL,32.044401,34.759168,31.86454488,32.22425712,34.54697502,34.97136098
United States,Tucson (AZ),US,32.230792,-110.876775,32.05093588,32.41064812,-111.0894053,-110.6641447
United States,Jackson (MS),US,32.318622,-90.232632,32.13876588,32.49847812,-90.44546898,-90.01979502
United States,Montgomery (AL),US,32.332956,-86.265086,32.15309988,32.51281212,-86.47795675,-86.05221525
United States,Abilene (TX),US,32.43327,-99.783515,32.25341388,32.61312612,-99.99662238,-99.57040762
United States,Longview (TX),US,32.458153,-94.722951,32.27829688,32.63800912,-94.93611716,-94.50978484
United States,Shreveport (LA),US,32.481156,-93.762883,32.30129988,32.66101212,-93.97610353,-93.54966247
Mexico,Tijuana,MX,32.496129,-116.992197,32.31627288,32.67598512,-117.2054529,-116.7789411
United States,Columbus (GA),US,32.500031,-84.96249,32.32017488,32.67988712,-85.17575516,-84.74922484
United States,Auburn (AL),US,32.567002,-85.497198,32.38714588,32.74685812,-85.71062167,-85.28377433
Mexico,Tecate,MX,32.568181,-116.583191,32.38832488,32.74803712,-116.7966175,-116.3697645
Mexico,Mexicali,MX,32.608469,-115.402583,32.42861288,32.78832512,-115.6161049,-115.1890611
United States,Dallas (TX),US,32.732027,-96.809103,32.55217088,32.91188312,-97.02291826,-96.59528774
United States,San Diego (CA),US,32.752217,-117.130047,32.57236088,32.93207312,-117.3439103,-116.9161837
United States,Charleston (SC),US,32.780797,-79.984646,32.60094088,32.96065312,-80.19857727,-79.77071473
United States,Vivian (LA),US,32.839934,-93.978246,32.66007788,33.01979012,-94.1923181,-93.7641739
United States,Tuscaloosa (AL),US,33.186872,-87.531081,33.00701588,33.36672812,-87.74600032,-87.31616168
United States,Augusta (GA),US,33.428479,-82.012072,33.24862288,33.60833512,-82.22759565,-81.79654835
United States,Texarkana (AR),US,33.442214,-94.038976,33.26235788,33.62207012,-94.2545341,-93.8234179
United States,Phoenix (AZ),US,33.491481,-112.05959,33.31162488,33.67133712,-112.2752718,-111.8439082
United States,Birmingham (AL),US,33.528931,-86.855296,33.34907488,33.70878712,-87.07107191,-86.63952009
Japan,Fukuoka,JP,33.545384,130.400123,33.36552788,33.72524012,130.1843057,130.6159403
United States,Lubbock (TX),US,33.550693,-101.899001,33.37083688,33.73054912,-102.1148316,-101.6831704
Morocco,Casablanca,MA,33.58925,-7.540147,33.40939388,33.76910612,-7.756074667,-7.324219333
United States,Atlanta (GA),US,33.723336,-84.432431,33.54347988,33.90319212,-84.64869679,-84.21616521
Japan,Kitakyushu,JP,33.822162,130.882693,33.64230588,34.00201812,130.6661773,131.0992087
United States,Columbia (SC),US,34.030568,-80.994373,33.85071188,34.21042412,-81.21141826,-80.77732774
United States,Los Angeles (CA),US,34.031595,-118.292201,33.85173888,34.21145112,-118.5092489,-118.0751531
United States,Vernon (TX),US,34.149913,-99.319073,33.97005688,34.32976912,-99.5364251,-99.1017209
United States,Tupelo (MS),US,34.267263,-88.756817,34.08740688,34.44711912,-88.97447166,-88.53916234
Japan,Hiroshima,JP,34.366876,132.495225,34.18701988,34.54673212,132.2773129,132.7131371
United States,Lawton (OK),US,34.620249,-98.446706,34.44039288,34.80010512,-98.66527585,-98.22813615
Japan,Osaka,JP,34.660879,135.516027,34.48102288,34.84073512,135.2973513,135.7347027
Japan,Okayama,JP,34.671338,133.926906,34.49148188,34.85119412,133.7082031,134.1456089
United States,Huntsville (AL),US,34.693529,-86.617427,34.51367288,34.87338512,-86.83618781,-86.39866619
Japan,Kobe,JP,34.702088,135.121974,34.52223188,34.88194412,134.9031909,135.3407571
United States,Little Rock (AR),US,34.723096,-92.336697,34.54323988,34.90295212,-92.55553495,-92.11785905
United States,Florence-Muscle Shoals (AL),US,34.789763,-87.670107,34.60990688,34.96961912,-87.88911909,-87.45109491
United States,Greenville (SC),US,34.820657,-82.355498,34.64080088,35.00051312,-82.57459088,-82.13640512
United States,McAlester (OK),US,34.900748,-95.768959,34.72089188,35.08060412,-95.98826161,-95.54965639
United States,Spartanburg (SC),US,34.957349,-81.878121,34.77749288,35.13720512,-82.09757207,-81.65866993
United States,Chattanooga (TN),US,35.056151,-85.256475,34.87629488,35.23600712,-85.47619112,-85.03675888
Japan,Kyoto,JP,35.06525,135.742305,34.88539388,35.24510612,135.5225641,135.9620459
Republic of Korea,Sacheon,KR,35.066428,127.995319,34.88657188,35.24628412,127.7755748,128.2150632
United States,Albuquerque (NM),US,35.097009,-106.552919,34.91715288,35.27686512,-106.7727466,-106.3330914
United States,Memphis (TN),US,35.113647,-90.015654,34.93379088,35.29350312,-90.23552705,-89.79578095
Japan,Nagoya,JP,35.125648,136.974011,34.94579188,35.30550412,136.7541052,137.1939168
United States,West Memphis (AR),US,35.160676,-90.132324,34.98081988,35.34053212,-90.35232558,-89.91232242
United States,Charlotte (NC),US,35.186563,-80.867097,35.00670688,35.36641912,-81.0871694,-80.6470246
Japan,Yokohama,JP,35.418596,139.589954,35.23873988,35.59845212,139.3692448,139.8106632
United States,Oklahoma City (OK),US,35.480444,-97.571218,35.30058788,35.66030012,-97.79209752,-97.35033848
Japan,Tokyo,JP,35.727775,139.256163,35.54791888,35.90763112,139.0345996,139.4777264
United States,Raleigh (NC),US,35.812028,-78.676647,35.63217188,35.99188412,-78.89844434,-78.45484966
United States,Raleigh-Durham (NC),US,35.877093,-78.839101,35.69723688,36.05694912,-79.06107933,-78.61712267
United States,Knoxville (TN),US,35.979742,-83.971079,35.79988588,36.15959812,-84.19334347,-83.74881453
United States,Greensboro (NC),US,36.098305,-79.837677,35.91844888,36.27816112,-80.0602802,-79.6150738
United States,Fayetteville (AR),US,36.105219,-94.139536,35.92536288,36.28507512,-94.36215908,-93.91691292
China,Qingdao,CN,36.111906,120.396593,35.93204988,36.29176212,120.1739507,120.6192353
United States,Tulsa (OK),US,36.147368,-95.938958,35.96751188,36.32722412,-96.1617023,-95.7162137
United States,Nashville (TN),US,36.148281,-86.834254,35.96842488,36.32813712,-87.05700093,-86.61150707
United States,Las Vegas (NV),US,36.163839,-115.195085,35.98398288,36.34369512,-115.4178767,-114.9722933
United States,Kingsport (TN),US,36.532537,-82.509419,36.35268088,36.71239312,-82.73327724,-82.28556076
United States,Abingdon (VA),US,36.727284,-81.928024,36.54742788,36.90714012,-82.15244971,-81.70359829
United States,Bartlesville (OK),US,36.733003,-95.927888,36.55314688,36.91285912,-96.15233042,-95.70344558
Tunisia,Tunis,TN,36.763252,10.193076,36.58339588,36.94310812,9.968545171,10.41760683
United States,Norfolk (VA),US,36.874066,-76.237992,36.69420988,37.05392212,-76.46284732,-76.01313668
United States,Wytheville (VA),US,36.973256,-81.127013,36.79339988,37.15311212,-81.35215957,-80.90186643
United States,Bowling Green (KY),US,36.992722,-86.433269,36.81286588,37.17257812,-86.65847281,-86.20806519
Turkey,Adana,TR,37.02061,35.288131,36.84075388,37.20046612,35.06284408,35.51341792
Turkey,Gaziantep,TR,37.038457,37.332451,36.85860088,37.21831312,37.10711062,37.55779138
United States,Springfield (MO),US,37.231141,-93.243604,37.05128488,37.41099712,-93.46952313,-93.01768487
United States,Bluefield (WV),US,37.24563,-81.239389,37.06577388,37.42548612,-81.46535177,-81.01342623
United States,Hazard (KY),US,37.283373,-83.230285,37.10351688,37.46322912,-83.45636153,-83.00420847
United States,Roanoke (VA),US,37.302655,-79.981445,37.12279888,37.48251112,-80.20757969,-79.75531031
United States,San Jose (CA),US,37.312384,-121.839799,37.13252788,37.49224012,-122.065963,-121.613635
Spain,Sevilla,ES,37.344249,-5.977403,37.16439288,37.52410512,-6.203663248,-5.751142752
United States,Lynchburg (VA),US,37.383375,-79.18405,37.20351888,37.56323112,-79.41042849,-78.95767151
United States,Pikeville (KY),US,37.476527,-82.563897,37.29667088,37.65638312,-82.79055749,-82.33723651
United States,Richmond (VA),US,37.558536,-77.488101,37.37867988,37.73839212,-77.71501034,-77.26119166
Republic of Korea,Seoul,KR,37.585854,127.029366,37.40599788,37.76571012,126.8023736,127.2563584
United States,Wichita (KS),US,37.706204,-97.279302,37.52634788,37.88606012,-97.50666082,-97.05194318
United States,Owensboro (KY),US,37.734342,-87.142593,37.55448588,37.91419812,-87.37003766,-86.91514834
United States,San Francisco (CA),US,37.745209,-122.461873,37.56535288,37.92506512,-122.6893508,-122.2343952
United States,Beckley (WV),US,37.813442,-81.204436,37.63358588,37.99329812,-81.43212234,-80.97674966
Turkey,Konya,TR,37.831546,32.509039,37.65168988,38.01140212,32.28129727,32.73678073
United States,Evansville (IN),US,37.98978,-87.518961,37.80992388,38.16963612,-87.74718798,-87.29073402
Greece,Athens,GR,38.028179,23.744726,37.84832288,38.20803512,23.51637875,23.97307325
United States,Lexington (KY),US,38.05672,-84.450815,37.87686388,38.23657612,-84.67925232,-84.22237768
United States,Louisville (KY),US,38.211866,-85.783155,38.03200988,38.39172212,-86.01208318,-85.55422682
United States,Charleston (WV),US,38.375333,-81.67974,38.19547688,38.55518912,-81.90918766,-81.45029234
United States,Huntington (WV),US,38.406912,-82.390029,38.22705588,38.58676812,-82.61957729,-82.16048071
Turkey,Izmir,TR,38.427935,27.199555,38.24807888,38.60779112,26.96993967,27.42917033
United States,Ashland (KY),US,38.442107,-82.671918,38.26225088,38.62196312,-82.90157854,-82.44225746
Turkey,Manisa,TR,38.626109,27.373992,38.44625288,38.80596512,27.1437428,27.6042412
United States,St. Louis (MO),US,38.648496,-90.248871,38.46863988,38.82835212,-90.47919203,-90.01854997
Turkey,Kayseri,TR,38.752252,35.523412,38.57239588,38.93210812,35.2927575,35.7540665
Portugal,Lisbon,PT,38.760925,-9.109323,38.58106888,38.94078112,-9.340005421,-8.878640579
United States,Portsmouth (OH),US,38.763587,-82.974526,38.58373088,38.94344312,-83.20521699,-82.74383501
United States,Fairfax (VA),US,38.86264,-77.272067,38.68278388,39.04249612,-77.50307736,-77.04105664
United States,Columbia (MO),US,38.907614,-92.346432,38.72775788,39.08747012,-92.57758765,-92.11527635
United States,Washington D.C.,US,38.936254,-76.992972,38.75639788,39.11611012,-77.22422027,-76.76172373
China,Dalian,CN,38.940196,121.566482,38.76033988,39.12005212,121.335221,121.797743
United States,Rockville (MD),US,39.078002,-77.109228,38.89814588,39.25785812,-77.34093997,-76.87751603
United States,Kansas City (MO),US,39.096863,-94.521055,38.91700688,39.27671912,-94.75282926,-94.28928074
China,Tianjin,CN,39.13016,117.193821,38.95030388,39.31001612,116.9619367,117.4257053
United States,Cincinnati (OH),US,39.147199,-84.523091,38.96734288,39.32705512,-84.75503168,-84.29115032
United States,Baltimore (MD),US,39.334532,-76.601526,39.15467588,39.51438812,-76.83408813,-76.36896387
United States,Athens (OH),US,39.342986,-82.072997,39.16312988,39.52284212,-82.30558725,-81.84040675
United States,Chillicothe (OH),US,39.347323,-83.035467,39.16746688,39.52717912,-83.26807168,-82.80286232
United States,Reno (NV),US,39.485067,-119.805004,39.30521088,39.66492312,-120.0380679,-119.5719401
Spain,Valencia,ES,39.501563,-0.394582,39.32170688,39.68141912,-0.627701042,-0.161462959
United States,Denver (CO),US,39.727425,-104.933807,39.54756888,39.90728112,-105.1676834,-104.6999306
United States,Nephi (UT),US,39.72965,-111.824717,39.54979388,39.90950612,-112.0586009,-111.5908331
United States,Dayton (OH),US,39.736003,-84.24212,39.55614688,39.91585912,-84.47602523,-84.00821477
United States,Wilmington (DE),US,39.757324,-75.587762,39.57746788,39.93718012,-75.82173899,-75.35378501
United States,Indianapolis (IN),US,39.795263,-86.11188,39.61540688,39.97511912,-86.34598479,-85.87777521
Turkey,Ankara,TR,39.906373,32.90663,39.72651688,40.08622912,32.67215011,33.14110989
United States,Columbus (OH),US,39.927491,-82.961249,39.74763488,40.10734712,-83.19580032,-82.72669768
China,Beijing,CN,39.951334,116.406679,39.77147788,40.13119012,116.172047,116.641311
United States,Zanesville (OH),US,39.984603,-82.022998,39.80474688,40.16445912,-82.25774271,-81.78825329
United States,Philadelphia (PA),US,39.997409,-75.165534,39.81755288,40.17726512,-75.40032212,-74.93074588
Turkey,Bursa,TR,40.194764,29.118444,40.01490788,40.37462012,28.8829687,29.3539193
United States,Muncie (IN),US,40.231585,-85.417345,40.05172888,40.41144112,-85.652949,-85.181741
Spain,Madrid,ES,40.385745,-3.661264,40.20588888,40.56560112,-3.897408345,-3.425119655
United States,Pittsburgh (PA),US,40.450152,-79.938346,40.27029588,40.63000812,-80.17471683,-79.70197517
United States,Marion (IN),US,40.513865,-85.667705,40.33400888,40.69372112,-85.90430031,-85.43110969
United States,Murray Hill (NJ),US,40.66365,-74.44369,40.48379388,40.84350612,-74.68081472,-74.20656528
United States,New York City (NY),US,40.686882,-73.957825,40.50702588,40.86673812,-74.19503204,-73.72061796
United States,Lima (OH),US,40.726503,-84.160546,40.54664688,40.90635912,-84.39789358,-83.92319842
United States,Salt Lake City (UT),US,40.73779,-111.942215,40.55793388,40.91764612,-112.1796026,-111.7048274
Turkey,Kocaeli,TR,40.769321,29.928058,40.58946488,40.94917712,29.69055836,30.16555764
United States,Canton (OH),US,40.843775,-81.378581,40.66391888,41.02363112,-81.61634551,-81.14081649
Italy,Naples,IT,40.893458,14.245596,40.71360188,41.07331412,14.00765441,14.48353759
United States,White Plains (NY),US,40.992779,-73.739325,40.81292288,41.17263512,-73.97762138,-73.50102862
United States,Northern New Jersey (NJ),US,41.043504,-74.151545,40.87,41.22336012,-74.39002669,-73.91306331
Turkey,Istanbul,TR,41.050379,28.960557,40.87052288,41.23023512,28.72205009,29.19906392
United States,Findlay (OH),US,41.063997,-83.596616,40.88414088,41.24385312,-83.83517289,-83.35805911
United States,Ft. Wayne (IN),US,41.100024,-85.086629,40.92016788,41.27988012,-85.32531821,-84.84793979
United States,Cheyenne (WY),US,41.169065,-104.775036,40.98920888,41.34892112,-105.0139792,-104.5360928
Portugal,Porto,PT,41.198669,-8.605277,41.01881288,41.37852512,-8.844329253,-8.366224748
United States,Omaha (NE),US,41.215349,-95.963746,41.03549288,41.39520512,-96.20285975,-95.72463225
United States,New Haven (CT),US,41.33151,-72.97901,41.15165388,41.51136612,-73.2185529,-72.7394671
Spain,Barcelona,ES,41.430149,2.177326,41.25029288,41.61000512,1.937417476,2.417234524
United States,Cleveland (OH),US,41.474825,-81.644401,41.29496888,41.65468112,-81.88447549,-81.40432651
United States,Des Moines (IA),US,41.557733,-93.592148,41.37787688,41.73758912,-93.8325311,-93.3517649
United States,Rock Springs (WY),US,41.596689,-109.261537,41.41683288,41.77654512,-109.5020654,-109.0210086
United States,Toledo (OH),US,41.697573,-83.597112,41.51771688,41.87742912,-83.83801743,-83.35620657
United States,South Bend (IN),US,41.698506,-86.304416,41.51864988,41.87836212,-86.54532492,-86.06350708
United States,Elkhart (IN),US,41.707813,-85.927482,41.52795688,41.88766912,-86.16842576,-85.68653824
United States,Chicago (IL),US,41.83804,-87.657007,41.65818388,42.01789612,-87.89843938,-87.41557462
Italy,Rome,IT,41.875683,12.544161,41.69582688,42.05553912,12.30258701,12.78573499
United States,Three Rivers (MI),US,41.944083,-85.633024,41.76422688,42.12393912,-85.87485573,-85.39119227
United States,Benton Harbor (MI),US,42.09435,-86.44283,41.91449388,42.27420612,-86.68523543,-86.20042457
Bulgaria,Plovdiv,BG,42.124578,24.686405,41.94472188,42.30443412,24.44388317,24.92892683
Canada,Windsor,CA,42.27171,-83.022772,42.09185388,42.45156612,-83.26586199,-82.77968201
United States,Boston (MA),US,42.317062,-71.076615,42.13720588,42.49691812,-71.31988065,-70.83334935
United States,Detroit (MI),US,42.356337,-83.09643,42.17648088,42.53619312,-83.33984798,-82.85301202
Canada,Chatham-Kent,CA,42.372875,-82.147461,42.19301888,42.55273112,-82.39094318,-81.90397882
Bulgaria,Sofia,BG,42.707746,23.379922,42.52788988,42.88760212,23.13513251,23.62471149
Spain,Pamplona,ES,42.78329,-1.621908,42.60343388,42.96314612,-1.866994355,-1.376821645
United States,Casper (WY),US,42.826507,-106.341002,42.64665088,43.00636312,-106.5862585,-106.0957455
United States,Pocatello (ID),US,42.904085,-112.487429,42.72422888,43.08394112,-112.7329915,-112.2418665
United States,Buffalo (NY),US,42.920166,-78.837849,42.74030988,43.10002212,-79.08347507,-78.59222293
Canada,London,CA,42.942669,-81.227635,42.76281288,43.12252512,-81.47335003,-80.98191997
Canada,Sarnia,CA,42.984313,-82.346702,42.80445688,43.16416912,-82.59258182,-82.10082218
United States,Grand Rapids (MI),US,43.004827,-85.644843,42.82497088,43.18468312,-85.89080438,-85.39888162
United States,Madison (WI),US,43.043774,-89.447821,42.86391788,43.22363012,-89.69393916,-89.20170284
United States,Flint (MI),US,43.056455,-83.699774,42.87659888,43.23631112,-83.94594325,-83.45360475
United States,Milwaukee (WI),US,43.06243,-87.958802,42.88257388,43.24228612,-88.20499533,-87.71260867
Canada,St. Catharines-Niagara,CA,43.127708,-79.20343,42.94785188,43.30756412,-79.44988673,-78.95697327
Canada,Brantford,CA,43.183754,-80.258812,43.00389788,43.36361012,-80.50549532,-80.01212868
Canada,Hamilton,CA,43.211323,-79.840722,43.03146688,43.39117912,-80.08751693,-79.59392707
Spain,Bilbao,ES,43.24859,-2.909474,43.06873388,43.42844612,-3.156419972,-2.662528028
France,Marseille,FR,43.29903,5.429087,43.11917388,43.47888612,5.181936308,5.676237692
France,Pau,FR,43.318489,-0.317546,43.13863288,43.49834512,-0.564775761,-0.070316239
Canada,Kitchener,CA,43.379043,-80.436537,43.19918688,43.55889912,-80.68401314,-80.18906086
Canada,Guelph,CA,43.500176,-80.235474,43.32031988,43.68003212,-80.48344447,-79.98750353
Canada,Waterloo,CA,43.509372,-80.520412,43.32951588,43.68922812,-80.76842008,-80.27240392
France,Toulouse,FR,43.568971,1.405322,43.38911488,43.74882712,1.157069908,1.653574093
United States,Boise (ID),US,43.593563,-116.266009,43.41370688,43.77341912,-116.5143619,-116.0176561
Canada,Mississauga,CA,43.634057,-79.642384,43.45420088,43.81391312,-79.89090312,-79.39386488
France,Montpellier,FR,43.634192,3.824118,43.45433588,43.81404812,3.575598322,4.072637678
France,Sophia Antipolis,FR,43.636529,6.99785,43.45667288,43.81638512,6.749320723,7.246379277
Canada,Toronto,CA,43.697668,-79.396504,43.51781188,43.87752412,-79.64528466,-79.14772334
Italy,Florence,IT,43.810858,11.232563,43.63100188,43.99071412,10.9833156,11.4818104
Bosnia and Herzegovina,Sarajevo,BA,43.843115,18.353957,43.66325888,44.02297112,18.10457627,18.60333773
Canada,Oshawa,CA,43.941722,-78.864902,43.76186588,44.12157812,-79.11469121,-78.61511279
United States,Ontario (OR),US,44.013228,-116.981707,43.83337188,44.19308412,-117.2317945,-116.7316195
Canada,Belleville,CA,44.207388,-77.395225,44.02753188,44.38724412,-77.64614099,-77.14430901
Canada,Kingston,CA,44.242385,-76.546821,44.06252888,44.42224112,-76.79788691,-76.29575509
Canada,Peterborough,CA,44.274782,-78.362511,44.09492588,44.45463812,-78.61371585,-78.11130615
Canada,Barrie,CA,44.344372,-79.698011,44.16451588,44.52422812,-79.94951482,-79.44650718
Romania,Bucharest,RO,44.382077,26.117438,44.20222088,44.56193312,25.86577189,26.36910411
Italy,Modena,IT,44.615861,10.931265,44.43600488,44.79571712,10.67858798,11.18394202
Canada,Halifax,CA,44.654769,-63.638389,44.47491288,44.83462512,-63.89123505,-63.38554295
Serbia,Belgrade,RS,44.821578,20.404725,44.64172188,45.00143412,20.15115169,20.65829831
United States,Minneapolis (MN),US,44.934984,-93.244797,44.75512788,45.11484012,-93.49886713,-92.99072687
United States,Minneapolis-St.Paul (MN),US,44.935226,-93.243532,44.75536988,45.11508212,-93.4976032,-92.9894608
Italy,Turin,IT,45.038625,7.642187,44.85876888,45.21848112,7.387657363,7.896716637
Russia,Krasnodar,RU,45.085394,39.003794,44.90553788,45.26525012,38.74905361,39.25853439
France,Grenoble,FR,45.188879,5.726357,45.00902288,45.36873512,5.471149029,5.981564971
Canada,Saint John,CA,45.309612,-66.02763,45.12975588,45.48946812,-66.28338566,-65.77187434
Canada,Ottawa,CA,45.374407,-75.672358,45.19455088,45.55426312,-75.92840856,-75.41630744
Canada,Sherbrooke,CA,45.403814,-71.8185,45.22395788,45.58367012,-72.07468462,-71.56231538
Canada,Ottawa-Gatineau,CA,45.431797,-75.693582,45.25194088,45.61165312,-75.94989432,-75.43726968
Italy,Milan,IT,45.507372,9.208991,45.32751588,45.68722812,8.952333144,9.465648856
United States,Portland (OR),US,45.522896,-122.61243,45.34303988,45.70275212,-122.8691589,-122.3557011
Canada,Montreal,CA,45.538465,-73.607091,45.35860888,45.71832112,-73.86389128,-73.35029072
Romania,Brasov,RO,45.620542,25.636755,45.44068588,45.80039812,25.37957798,25.89393202
France,Lyon,FR,45.730777,4.877557,45.55092088,45.91063312,4.619872261,5.135241739
Romania,Timisoara,RO,45.761649,21.270682,45.58179288,45.94150512,21.01285471,21.52850929
Croatia,Zagreb,HR,45.801793,15.918488,45.62193688,45.98164912,15.66047511,16.17650089
Canada,Fredericton,CA,45.920917,-66.626801,45.74106088,46.10077312,-66.88536621,-66.36823579
Hungary,Pecs,HU,46.029012,18.24718,45.84915588,46.20886812,17.9881096,18.5062504
Slovak Republic,Ljubljana,SI,46.057046,14.570487,45.87718988,46.23690212,14.31128388,14.82969012
Canada,Moncton,CA,46.103921,-64.839568,45.92406488,46.28377712,-65.09899334,-64.58014266
Switzerland,Geneva,CH,46.228258,6.128335,46.04840188,46.40811412,5.868318367,6.388351633
Canada,Charlottetown,CA,46.276205,-63.165425,46.09634888,46.45606112,-63.42567037,-62.90517963
Canada,Trois-Rivieres,CA,46.387531,-72.555628,46.20767488,46.56738712,-72.81640602,-72.29484998
Ukraine,Odessa,UA,46.463268,30.662302,46.28341188,46.64312412,30.40116037,30.92344363
Canada,Sault Ste. Marie,CA,46.509827,-84.283532,46.32997088,46.68968312,-84.54489767,-84.02216633
Canada,Greater Sudbury,CA,46.549623,-81.100464,46.36976688,46.72947912,-81.36202147,-80.83890653
Romania,Cluj-Napoca,RO,46.752174,23.565074,46.57231788,46.93203012,23.30253595,23.82761205
Canada,Quebec City,CA,46.848363,-71.245443,46.66850688,47.02821912,-71.50844929,-70.98243671
Hungary,Szekesfehervar,HU,47.141969,18.411784,46.96211288,47.32182512,18.14732813,18.67623987
Switzerland,Zug,CH,47.143138,8.509042,46.96328188,47.32299412,8.244580284,8.773503717
Austria,Innsbruck,AT,47.225434,11.410194,47.04557788,47.40529012,11.1453201,11.6750679
Russia,Rostov-na-Donu,RU,47.233333,39.7,47.05347688,47.41318912,39.43508647,39.96491353
France,Nantes,FR,47.255866,-1.516314,47.07600988,47.43572212,-1.781340641,-1.251287359
Switzerland,Zurich,CH,47.404665,8.488951,47.22480888,47.58452112,8.223174963,8.754727037
Hungary,Budapest,HU,47.513478,19.102234,47.33362188,47.69333412,18.83590726,19.36856074
Switzerland,Basle,CH,47.520034,7.593789,47.34017788,47.69989012,7.327429007,7.860148993
Canada,St. John's,CA,47.527356,-52.758044,47.34749988,47.70721212,-53.02444114,-52.49164686
United States,Seattle (WA),US,47.564787,-122.359081,47.38493088,47.74464312,-122.6256682,-122.0924938
Hungary,Gyor,HU,47.682497,17.71648,47.50264088,47.86235312,17.44929331,17.98366669
United States,Spokane (WA),US,47.683996,-117.371384,47.50413988,47.86385212,-117.6385783,-117.1041897
Austria,Salzburg,AT,47.840843,13.006798,47.66098688,48.02069912,12.73880062,13.27479538
Germany,Munich,DE,48.165723,11.532932,47.98586688,48.34557912,11.26324375,11.80262025
Slovak Republic,Bratislava,SK,48.16816,17.162596,47.98830388,48.34801612,16.8928949,17.4322971
Austria,Vienna,AT,48.243407,16.33293,48.06355088,48.42326312,16.0628315,16.6030285
Canada,Saguenay,CA,48.383445,-71.082347,48.20358888,48.56330112,-71.35318822,-70.81150578
Canada,Thunder Bay,CA,48.425595,-89.238302,48.24573888,48.60545112,-89.50936756,-88.96723644
Canada,Victoria,CA,48.467247,-123.32841,48.28739088,48.64710312,-123.5996976,-123.0571224
Russia,Khabarovsk,RU,48.483333,135.083333,48.30347688,48.66318912,134.8119595,135.3547065
France,Strasbourg,FR,48.6108,7.789096,48.43094388,48.79065612,7.517040235,8.061151765
Slovak Republic,Kosice,SK,48.676501,21.265662,48.49664488,48.85635712,20.99325322,21.53807078
Germany,Stuttgart,DE,48.821187,9.182797,48.64133088,49.00104312,8.909607586,9.455986414
France,Paris,FR,48.876401,2.290445,48.69654488,49.05625712,2.016956504,2.563933496
France,Metz,FR,49.075211,6.188366,48.89535488,49.25506712,5.913786644,6.462945357
Canada,Abbotsford,CA,49.098232,-122.316399,48.91837588,49.27808812,-122.5911069,-122.0416911
France,Reims,FR,49.213748,4.021308,49.03389188,49.39360412,3.745953544,4.296662456
Germany,Saarbrucken,DE,49.223635,7.060956,49.04377888,49.40349112,6.78554606,7.33636594
Czech Republic,Brno,CZ,49.225526,16.552952,49.04566988,49.40538212,16.27753145,16.82837255
Canada,Vancouver,CA,49.237855,-123.118478,49.05799888,49.41771112,-123.3939678,-122.8429882
Germany,Nurnberg,DE,49.493685,11.049603,49.31382888,49.67354112,10.7726689,11.32653711
France,Le Havre,FR,49.510456,0.172565,49.33059988,49.69031212,-0.104464317,0.449594317
Canada,Lethbridge,CA,49.731752,-112.804994,49.55189588,49.91160812,-113.0832858,-112.5267022
Czech Republic,Ostrava,CZ,49.852047,18.3128,49.67219088,50.03190312,18.03381706,18.59178294
Germany,Darmstadt,DE,49.917692,8.653199,49.73783588,50.09754812,8.373837459,8.932560541
Canada,Kelowna,CA,49.919458,-119.446307,49.73960188,50.09931412,-119.7256787,-119.1669353
France,Amiens,FR,49.936362,2.271767,49.75650588,50.11621812,1.992297595,2.551236405
Canada,Winnipeg,CA,49.943111,-97.16163,49.76325488,50.12296712,-97.44113842,-96.88212158
Germany,Mainz,DE,49.991858,8.177303,49.81200188,50.17171412,7.89751248,8.45709352
Canada,Medicine Hat,CA,49.996267,-110.677627,49.81641088,50.17612312,-110.9574431,-110.3978109
Poland,Rzeszow,PL,49.997342,22.018079,49.81748588,50.17719812,21.73825671,22.29790129
Poland,Krakow,PL,50.034765,19.997051,49.85490888,50.21462112,19.71701034,20.27709166
Czech Republic,Prague,CZ,50.085333,14.505828,49.90547688,50.26518912,14.22549158,14.78616442
Germany,Frankfurt,DE,50.154226,8.663594,49.97436988,50.33408212,8.382853644,8.944334356
Poland,Katowice,PL,50.227214,18.985104,50.04735788,50.40707012,18.70393442,19.26627358
Poland,Gliwice,PL,50.335104,18.641649,50.15524788,50.51496012,18.35984254,18.92345546
United Kingdom,Plymouth,GB,50.411885,-4.101208,50.23202888,50.59174112,-4.383469457,-3.818946544
Ukraine,Kiev,UA,50.41643,30.47534,50.23657388,50.59628612,30.19305156,30.75762844
Canada,Regina,CA,50.479268,-104.664101,50.29941188,50.65912412,-104.946763,-104.381439
France,Lille,FR,50.63646,2.987431,50.45660388,50.81631612,2.703830247,3.271031753
Belgium,Liege,BE,50.67507,5.556495,50.49521388,50.85492612,5.272662708,5.840327292
Germany,Bonn,DE,50.697298,7.129692,50.51744188,50.87715412,6.845726237,7.413657763
United Kingdom,Exeter,GB,50.73659,-3.482763,50.55673388,50.91644612,-3.766965003,-3.198560997
United Kingdom,Bournemouth,GB,50.762642,-1.899911,50.58278588,50.94249812,-2.184269855,-1.615552145
United Kingdom,Chichester,GB,50.820967,-0.78746,50.64111088,51.00082312,-1.072170643,-0.502749357
United Kingdom,Portsmouth,GB,50.846796,-1.031454,50.66693988,51.02665212,-1.31632071,-0.74658729
United Kingdom,Brighton and Hove,GB,50.867396,-0.135458,50.68753988,51.04725212,-0.420449304,0.149533304
Belgium,Brussels,BE,50.890234,4.381814,50.71037788,51.07009012,4.096684439,4.666943561
Netherlands,Maastricht,NL,50.895213,5.706127,50.71535688,51.07506912,5.420967279,5.991286721
United Kingdom,Southampton,GB,50.903558,-1.333837,50.72370188,51.08341412,-1.619047284,-1.048626716
Germany,Cologne,DE,50.977213,6.927401,50.79735688,51.15706912,6.641743652,7.213058348
Germany,Dresden,DE,51.0331,13.803108,50.85324388,51.21295612,13.51710644,14.08910956
Poland,Wroclaw,PL,51.069849,17.00202,50.88999288,51.24970512,16.7157898,17.2882502
United Kingdom,Winchester,GB,51.081345,-1.337823,50.90148888,51.26120112,-1.624124795,-1.051521205
Belgium,Ghent,BE,51.081945,3.774482,50.90208888,51.26180112,3.488176467,4.060787533
United Kingdom,Salisbury,GB,51.087077,-1.831421,50.90722088,51.26693312,-2.117758508,-1.545083492
Canada,Calgary,CA,51.087634,-114.109266,50.90777788,51.26749012,-114.395607,-113.822925
Belgium,Antwerp,BE,51.224061,4.47381,51.04420488,51.40391712,4.186616369,4.761003631
Germany,Dusseldorf,DE,51.27283,6.777603,51.09297388,51.45268612,6.490103335,7.065102665
Germany,Leipzig,DE,51.330515,12.440842,51.15065888,51.51037112,12.15297951,12.72870449
United Kingdom,Bath,GB,51.40496,-2.402423,51.22510388,51.58481612,-2.690755091,-2.114090909
United Kingdom,Bracknell,GB,51.417437,-0.783605,51.23758088,51.59729312,-1.072015946,-0.495194055
United Kingdom,Sheerness,GB,51.431252,0.755469,51.25139588,51.61110812,0.466970693,1.043967307
Netherlands,Vlissingen,NL,51.473918,3.596468,51.29406188,51.65377412,3.307699553,3.885236447
United Kingdom,Reading,GB,51.4756,-1.041866,51.29574388,51.65545612,-1.330645107,-0.753086893
Netherlands,Eindhoven,NL,51.486229,5.477833,51.30637288,51.66608512,5.188986512,5.766679488
United Kingdom,Slough,GB,51.487704,-0.532768,51.30784788,51.66756012,-0.821623841,-0.243912159
United Kingdom,South Wales Valleys,GB,51.489484,-3.250088,51.30962788,51.66934012,-3.538955129,-2.961220871
United Kingdom,Bristol,GB,51.49896,-2.576596,51.31910388,51.67881612,-2.865523236,-2.287668764
United Kingdom,Bridgend,GB,51.509506,-3.609614,51.32964988,51.68936212,-3.898608159,-3.320619841
United Kingdom,Cardiff,GB,51.523343,-3.154333,51.34348688,51.70319912,-3.443415014,-2.865250986
United Kingdom,London,GB,51.549971,-0.150726,51.37011488,51.72982712,-0.439977233,0.138525233
Netherlands,Tilburg,NL,51.577668,5.025041,51.39781188,51.75752412,4.735613545,5.314468455
United Kingdom,Newport,GB,51.597668,-2.92877,51.41781188,51.77752412,-3.218324839,-2.639215161
Netherlands,Breda,NL,51.616443,4.778875,51.43658688,51.79629912,4.489200477,5.068549523
United Kingdom,Swansea,GB,51.622111,-4.016101,51.44225488,51.80196712,-4.305811674,-3.726390326
Netherlands,s-Hertogenbosch,NL,51.711223,5.373182,51.53136688,51.89107912,5.082901777,5.663462223
United Kingdom,St Albans,GB,51.751619,-0.281804,51.57176288,51.93147512,-0.572343149,0.008735149
Poland,Lodz,PL,51.754551,19.526011,51.57469488,51.93440712,19.23545304,19.81656896
United Kingdom,Chelmsford,GB,51.755277,0.443748,51.57542088,51.93513312,0.153185382,0.734310618
United Kingdom,Hemel Hempstead,GB,51.763146,-0.504517,51.58328988,51.94300212,-0.795130118,-0.213903883
United Kingdom,Oxford,GB,51.791165,-1.271961,51.61130888,51.97102112,-1.562754073,-0.981167927
United Kingdom,Gloucester,GB,51.822332,-2.264471,51.64247588,52.00218812,-2.555464509,-1.973477491
United Kingdom,Colchester,GB,51.879708,0.832336,51.69985188,52.05956412,0.54097278,1.12369922
Netherlands,Rotterdam,NL,51.886816,4.516683,51.70695988,52.06667212,4.225273913,4.808092087
Ireland,Cork,IE,51.889451,-8.414796,51.70959488,52.06930712,-8.706222094,-8.123369906
United Kingdom,Luton,GB,51.921202,-0.443052,51.74134588,52.10105812,-0.734683178,-0.151420822
United Kingdom,Harwich,GB,51.922699,1.227659,51.74284288,52.10255512,0.936018145,1.519299855
United Kingdom,Milton Keynes,GB,52.005358,-0.784008,51.82550188,52.18521412,-1.076184612,-0.491831388
United Kingdom,Ipswich,GB,52.028923,1.185317,51.84906688,52.20877912,0.892985407,1.477648593
Netherlands,The Hague,NL,52.03372,4.258381,51.85386388,52.21357612,3.966017838,4.550744162
Netherlands,Utrecht,NL,52.086256,5.048653,51.90639988,52.26611212,4.755943654,5.341362346
Canada,Saskatoon,CA,52.177975,-106.663063,51.99811888,52.35783112,-106.9563787,-106.3697473
Poland,Warsaw,PL,52.184832,21.021191,52.00497588,52.36468812,20.72782987,21.31455213
United Kingdom,Worcester,GB,52.224304,-2.233219,52.04444788,52.40416012,-2.526841928,-1.939596072
United Kingdom,Cambridge,GB,52.249197,0.10729,52.06934088,52.42905312,-0.186498273,0.401078273
United Kingdom,Northampton,GB,52.254933,-0.838068,52.07507688,52.43478912,-1.1318944,-0.544241601
Netherlands,Amsterdam,NL,52.32622,4.881739,52.14636388,52.50607612,4.587437939,5.176040061
Germany,Hannover,DE,52.372422,9.80529,52.19256588,52.55227812,9.510680486,10.09989951
Poland,Poznan,PL,52.377608,16.98261,52.19775188,52.55746412,16.68796582,17.27725418
United Kingdom,Lowestoft,GB,52.45064,1.699199,52.27078388,52.63049612,1.40406581,1.99433219
United Kingdom,Coventry,GB,52.451727,-1.519434,52.27187088,52.63158312,-1.814574481,-1.224293519
United Kingdom,Birmingham,GB,52.468061,-1.822872,52.28820488,52.64791712,-2.118122079,-1.527621922
United Kingdom,Sandwell,GB,52.484622,-2.044621,52.30476588,52.66447812,-2.339982283,-1.749259717
United Kingdom,Mid Wales,GB,52.485442,-3.372525,52.30558588,52.66529812,-3.667891791,-3.077158209
United Kingdom,Dudley,GB,52.504631,-2.028214,52.32477488,52.68448712,-2.323709751,-1.732718249
Germany,Berlin,DE,52.509513,13.47276,52.32965688,52.68936912,13.17723142,13.76828858
United Kingdom,Great Yarmouth,GB,52.556225,1.722388,52.37636888,52.73608112,1.426544951,2.018231049
United Kingdom,Wolverhampton,GB,52.556332,-2.174526,52.37647588,52.73618812,-2.470369771,-1.87868223
United Kingdom,Peterborough,GB,52.612099,-0.264215,52.43224288,52.79195512,-0.56043508,0.03200508
Ireland,Limerick,IE,52.625509,-8.654797,52.44565288,52.80536512,-8.951107712,-8.358486288
United Kingdom,Walsall,GB,52.627284,-2.013021,52.44742788,52.80714012,-2.309343712,-1.716698288
United Kingdom,Norwich,GB,52.645822,1.227514,52.46596588,52.82567812,0.931065897,1.523962104
United Kingdom,Leicester,GB,52.655905,-1.072833,52.47604888,52.83576112,-1.36934935,-0.77631665
United Kingdom,Lichfield,GB,52.699646,-1.823218,52.51978988,52.87950212,-2.120030772,-1.526405228
United Kingdom,Shrewsbury,GB,52.712207,-2.810275,52.53235088,52.89206312,-3.107173004,-2.513376996
United Kingdom,Derby,GB,52.880017,-1.450243,52.70016088,53.05987312,-1.748284389,-1.152201611
United Kingdom,Stoke,GB,52.993471,-2.20733,52.81361488,53.17332712,-2.506149418,-1.908510582
United Kingdom,Nottingham,GB,52.993913,-1.121596,52.81405688,53.17376912,-1.420418457,-0.822773543
United Kingdom,Wrexham,GB,53.07077,-2.9856,52.89091388,53.25062612,-3.284958181,-2.686241819
United Kingdom,Chester,GB,53.167546,-2.915786,52.98768988,53.34740212,-3.215822177,-2.615749823
United Kingdom,Lincoln,GB,53.19088,-0.575595,53.01102388,53.37073612,-0.875795111,-0.275394889
Russia,Samara,RU,53.202778,50.140833,53.02292188,53.38263412,49.84054923,50.44111677
United Kingdom,Flintshire,GB,53.2037,-3.144751,53.02384388,53.38355612,-3.445041255,-2.844460745
United Kingdom,Bangor,GB,53.215223,-4.147937,53.03536688,53.39507912,-4.448308325,-3.847565676
Ireland,Galway,IE,53.280416,-8.983957,53.10055988,53.46027212,-9.284787815,-8.683126185
Ireland,Dublin,IE,53.310297,-6.30021,53.13044088,53.49015312,-6.601251891,-5.999168109
United Kingdom,Stockport,GB,53.368615,-2.184255,53.18875888,53.54847112,-2.485709697,-1.882800303
United Kingdom,Liverpool,GB,53.375262,-2.940556,53.19540588,53.55511812,-3.24205782,-2.63905418
United Kingdom,Warrington,GB,53.419912,-2.592335,53.24005588,53.59976812,-2.894153742,-2.290516258
United Kingdom,Rotherham,GB,53.42225,-1.290333,53.24239388,53.60210612,-1.592168355,-0.988497645
United Kingdom,Sheffield,GB,53.425426,-1.483549,53.24556988,53.60528212,-1.785406926,-1.181691074
Poland,Szczecin,PL,53.447146,14.484316,53.26728988,53.62700212,14.18230363,14.78632837
Canada,Edmonton,CA,53.500613,-113.510882,53.32075688,53.68046912,-113.8132752,-113.2084888
United Kingdom,Manchester,GB,53.522249,-2.27169,53.34239288,53.70210512,-2.574237641,-1.969142359
United Kingdom,Grimsby,GB,53.544131,-0.016104,53.36427488,53.72398712,-0.318807953,0.286599953
United Kingdom,Wigan,GB,53.547875,-2.690111,53.36801888,53.72773112,-2.992841714,-2.387380286
United Kingdom,Doncaster,GB,53.556388,-1.078354,53.37653188,53.73624412,-1.381145581,-0.775562419
Germany,Hamburg,DE,53.581025,10.051667,53.40116888,53.76088112,9.748699131,10.35463487
Germany,Bremerhaven,DE,53.582922,8.602124,53.40306588,53.76277812,8.299142549,8.905105451
United Kingdom,Kirklees,GB,53.600997,-1.793886,53.42114088,53.78085312,-2.096996927,-1.490775073
United Kingdom,Immingham,GB,53.618958,-0.203243,53.43910188,53.79881412,-0.506482697,0.099996697
United Kingdom,Wakefield,GB,53.638662,-1.515696,53.45880588,53.81851812,-1.819077088,-1.212314912
United Kingdom,Halifax,GB,53.714165,-1.930419,53.53430888,53.89402112,-2.234343104,-1.626494896
United Kingdom,Bradford,GB,53.758578,-1.801442,53.57872188,53.93843412,-2.10568643,-1.49719757
United Kingdom,Leeds,GB,53.765809,-1.563447,53.58595288,53.94566512,-1.867743648,-1.259150353
United Kingdom,Preston,GB,53.766047,-2.773471,53.58619088,53.94590312,-3.077769367,-2.469172634
United Kingdom,Kingston Upon Hull,GB,53.790442,-0.336136,53.61058588,53.97029812,-0.640610664,-0.031661336
Germany,Cuxhaven,DE,53.825866,8.737961,53.64600988,54.00572212,8.43322997,9.04269203
United Kingdom,York,GB,53.934954,-1.139418,53.75509788,54.11481012,-1.444941226,-0.833894775
Canada,Prince George,CA,53.961976,-122.746052,53.78211988,54.14183212,-123.0517721,-122.4403319
United Kingdom,Lancaster,GB,54.023018,-2.78809,53.84316188,54.20287412,-3.094257914,-2.481922086
United Kingdom,Newry,GB,54.146442,-6.31114,53.96658588,54.32629812,-6.61822465,-6.00405535
Poland,Gdansk,PL,54.338326,18.572477,54.15846988,54.51818212,18.26395617,18.88099783
United Kingdom,Middlesbrough,GB,54.530474,-1.253574,54.35061788,54.71033012,-1.563546508,-0.943601492
United Kingdom,Belfast,GB,54.558838,-5.970593,54.37898188,54.73869412,-6.280780956,-5.660405044
United Kingdom,Hartlepool,GB,54.649901,-1.241472,54.47004488,54.82975712,-1.552353684,-0.930590316
Lithuania,Vilnius,LT,54.675607,25.204819,54.49575088,54.85546312,24.89374092,25.51589708
Russia,Kaliningrad,RU,54.734237,20.518307,54.55438088,54.91409312,20.20678006,20.82983394
United Kingdom,Durham,GB,54.779111,-1.545801,54.59925488,54.95896712,-1.857672362,-1.233929638
United Kingdom,Sunderland,GB,54.873044,-1.435464,54.69318788,55.05290012,-1.748058802,-1.122869198
Lithuania,Kaunas,LT,54.911463,23.978032,54.73160688,55.09131912,23.66514034,24.29092366
United Kingdom,Gateshead,GB,54.919105,-1.595817,54.73924888,55.09896112,-1.908767776,-1.282866224
United Kingdom,Carlisle,GB,54.927288,-2.949509,54.74743188,55.10714412,-3.262523101,-2.636494899
Russia,Omsk,RU,54.983333,73.366667,54.80347688,55.16318912,73.05321849,73.68011551
United Kingdom,Newcastle,GB,55.020095,-1.646486,54.84023888,55.19995112,-1.960222081,-1.332749919
United Kingdom,Londonderry,GB,55.041152,-7.306745,54.86129588,55.22100812,-7.62064698,-6.99284302
Russia,Novosibirsk,RU,55.0414,82.988621,54.86154388,55.22125612,82.67471706,83.30252494
Russia,Chelyabinsk,RU,55.154722,61.375833,54.97486588,55.33457812,61.06103321,61.69063279
Denmark,Esbjerg,DK,55.521552,8.463041,55.34169588,55.70140812,8.145305901,8.780776099
Sweden,Malmo,SE,55.559695,12.996421,55.37983888,55.73955112,12.67837754,13.31446446
Lithuania,Klaipeda,LT,55.666309,21.189825,55.48645288,55.84616512,20.87091646,21.50873354
Sweden,Malmo-Lund,SE,55.668502,13.143467,55.48864588,55.84835812,12.82454062,13.46239338
Denmark,Copenhagen,DK,55.709484,12.517062,55.52962788,55.88934012,12.19780179,12.83632221
Russia,Moscow,RU,55.711924,37.61855,55.53206788,55.89178012,37.2992699,37.9378301
Russia,Kazan,RU,55.818497,49.141221,55.63864088,55.99835312,48.8210694,49.4613726
United Kingdom,Glasgow,GB,55.858048,-4.172451,55.67819188,56.03790412,-4.492927237,-3.851974763
United Kingdom,Scottish Central Belt,GB,55.898427,-3.602225,55.71857088,56.07828312,-3.923033351,-3.281416649
United Kingdom,Edinburgh Science Triangle,GB,55.921411,-3.447003,55.74155488,56.10126712,-3.7680007,-3.1260053
United Kingdom,Edinburgh,GB,55.930701,-3.258115,55.75084488,56.11055712,-3.579189297,-2.937040703
Russia,Krasnoyarsk,RU,56.016667,93.066667,55.83681088,56.19652312,92.74488044,93.38845356
United Kingdom,Fife,GB,56.183281,-3.161335,56.00342488,56.36313712,-3.484525094,-2.838144906
Russia,Nizhny Novgorod,RU,56.263611,43.884241,56.08375488,56.44346712,43.56036983,44.20811217
United Kingdom,Dundee,GB,56.468739,-3.051199,56.28888288,56.64859512,-3.376822424,-2.725575576
Russia,Yekaterinburg,RU,56.79907,60.627684,56.61921388,56.97892612,60.2991986,60.9561694
Latvia,Riga,LV,56.970628,24.183964,56.79077188,57.15048412,23.85397229,24.51395571
United Kingdom,Aberdeen,GB,57.152502,-2.177093,56.97264588,57.33235812,-2.508713531,-1.845472469
United Kingdom,Inverness,GB,57.451114,-4.233213,57.27125788,57.63097012,-4.567548375,-3.898877625
Sweden,Gothenburg,SE,57.746677,11.918377,57.56682088,57.92653312,11.58131037,12.25544363
Sweden,Jonkoping,SE,57.785183,14.228992,57.60532688,57.96503912,13.89156625,14.56641775
Norway,Stavanger,NO,58.925224,5.724894,58.74536788,59.10508012,5.376421757,6.073366243
Sweden,Stockholm,SE,59.354034,17.995196,59.17417788,59.53389012,17.64233015,18.34806185
Estonia,Tallinn,EE,59.406628,24.686806,59.22677188,59.58648412,24.33339248,25.04021952
Russia,Saint Petersburg,RU,59.931583,30.422329,59.75172688,60.11143912,30.06335445,30.78130355
Norway,Oslo,NO,59.958447,10.759827,59.77859088,60.13830312,10.40056316,11.11909084
Finland,Espoo,FI,60.160724,24.645603,59.98086788,60.34058012,24.28412483,25.00708117
Finland,Helsinki,FI,60.218054,24.950786,60.03819788,60.39791012,24.58867373,25.31289827
Finland,Turku,FI,60.486988,22.323276,60.30713188,60.66684412,21.95815919,22.68839281
Finland,Tampere,FI,61.465978,23.826639,61.28612188,61.64583412,23.45008461,24.20319339
Finland,Jyvaskyla,FI,62.289656,25.740652,62.10979988,62.46951212,25.35381821,26.12748579
Finland,Kuopio,FI,62.851658,27.642071,62.67180188,63.03151412,27.24786697,28.03627503
Iceland,Reykjavik,IS,64.139482,-21.919272,63.95962588,64.31933812,-22.33167794,-21.50686606
Finland,Oulu,FI,65.036985,25.560799,64.85712888,65.21684112,25.13458611,25.98701189
