PartitionKey,RowKey,CountryCode,Latitude,Longitude,SW_Lat,SW_Lon,NE_Lat,NE_Lon,lat radians,long radians
New Zealand,Wellington,NZ,-41.330203,174.790083,-41.51005912,174.5505449,-41.15034688,175.0296211,-0.721348123,3.050662448
Australia,Melbourne,AU,-37.8178,145.018467,-37.99765612,144.7907673,-37.63794388,145.2461667,-0.660045126,2.531049725
New Zealand,Auckland,NZ,-36.892838,174.77202,-37.07269412,174.5471096,-36.71298188,174.9969304,-0.643901494,3.050347189
Australia,Canberra,AU,-35.237373,149.123048,-35.41722912,148.9028365,-35.05751688,149.3432595,-0.615008179,2.602688178
Australia,Adelaide,AU,-34.883417,138.614586,-35.06327312,138.3953288,-34.70356088,138.8338432,-0.608830481,2.419280917
Argentina,Buenos Aires,AR,-34.61908,-58.434682,-34.79893612,-58.65324881,-34.43922388,-58.21611519,-0.60421693,-1.019877598
South Africa,Cape Town,ZA,-33.943911,18.47387,-34.12376712,18.25704568,-33.76405488,18.69069432,-0.592433008,0.322429857
Australia,Sydney,AU,-33.892304,151.15511,-34.07216012,150.9384166,-33.71244788,151.3718034,-0.591532296,2.638154351
Chile,Santiago,CL,-33.486942,-70.646149,-33.66679812,-70.86181939,-33.30708588,-70.43047861,-0.584457394,-1.233007904
Australia,Newcastle,AU,-32.936755,151.725599,-33.11661112,151.5112959,-32.75689888,151.9399021,-0.57485482,2.648111262
Australia,Perth,AU,-31.909618,115.850182,-32.08947412,115.638298,-31.72976188,116.062066,-0.556927897,2.021967115
Brazil,Porto Alegre,BR,-30.076658,-51.200587,-30.25651412,-51.40843512,-29.89680188,-50.99273888,-0.52493671,-0.893618822
Brazil,Florianopolis,BR,-27.593112,-48.497544,-27.77296812,-48.7004945,-27.41325588,-48.2945935,-0.481590655,-0.846441822
Australia,Brisbane,AU,-27.42293,153.033998,-27.60278612,152.8313624,-27.24307388,153.2366336,-0.478620419,2.670947133
South Africa,Johannesburg,ZA,-26.202734,27.997415,-26.38259012,27.7969452,-26.02287788,28.1978848,-0.457323981,0.488647074
Brazil,Curitiba,BR,-25.407469,-49.223474,-25.58732512,-49.42257887,-25.22761288,-49.02436913,-0.443443989,-0.859111691
Paraguay,Asuncion,PY,-25.302594,-57.602588,-25.48245012,-57.80151426,-25.12273788,-57.40366174,-0.441613575,-1.005354818
Brazil,Sao Paulo,BR,-23.531084,-46.680337,-23.71094012,-46.87646325,-23.35122788,-46.48421075,-0.410694892,-0.814725577
Brazil,Campinas,BR,-22.928187,-47.107251,-23.10804312,-47.30246767,-22.74833088,-46.91203433,-0.400172355,-0.822176632
Brazil,Rio de Janeiro,BR,-22.901821,-43.222252,-23.08167712,-43.4174335,-22.72196488,-43.0270705,-0.399712181,-0.754370608
Brazil,Pouso Alegre,BR,-22.26945,-45.925121,-22.44930612,-46.11946296,-22.08959388,-45.73077904,-0.388675225,-0.801544571
Brazil,Juiz de Fora,BR,-21.740873,-43.385839,-21.92072912,-43.57948473,-21.56101688,-43.19219327,-0.379449816,-0.757225739
Brazil,Varginha,BR,-21.599048,-45.449384,-21.77890412,-45.64284377,-21.41919188,-45.25592423,-0.376974503,-0.793241394
Brazil,Campo Grande,BR,-20.501813,-54.586587,-20.68166912,-54.77862006,-20.32195688,-54.39455394,-0.357824139,-0.952715671
Brazil,Vitoria,BR,-20.318612,-40.338149,-20.49846812,-40.5299459,-20.13875588,-40.1463521,-0.354626679,-0.704033514
Brazil,Belo Horizonte,BR,-19.93462,-43.978084,-20.11447612,-44.16939974,-19.75476388,-43.78676826,-0.347924754,-0.767562365
Brazil,Uberaba,BR,-19.739511,-47.892257,-19.91936712,-48.08335874,-19.55965488,-47.70115526,-0.34451946,-0.835877571
Brazil,Uberlandia,BR,-18.930587,-48.230807,-19.11044312,-48.42101402,-18.75073088,-48.04059998,-0.330401072,-0.841786383
Brazil,Goiania,BR,-16.650638,-49.292859,-16.83049412,-49.48063547,-16.47078188,-49.10508253,-0.290608456,-0.860322687
Brazil,Brasilia,BR,-15.81959,-47.920713,-15.99944612,-48.107646,-15.63973388,-47.73378,-0.276103932,-0.836374222
Brazil,Cuiaba,BR,-15.58355,-56.055234,-15.76340612,-56.24196102,-15.40369388,-55.86850698,-0.271984257,-0.978348396
Brazil,Salvador,BR,-12.937068,-38.474448,-13.11692412,-38.65906657,-12.75721188,-38.28982943,-0.225794432,-0.671505795
Peru,Lima,PE,-12.038083,-77.082472,-12.21793912,-77.26632771,-11.85822688,-76.89861629,-0.210104184,-1.345342932
Brazil,Aracaju,BR,-10.903539,-37.083746,-11.08339512,-37.26684766,-10.72368288,-36.90064434,-0.190302656,-0.647233467
Brazil,Palmas,BR,-10.205959,-48.336959,-10.38581512,-48.51971052,-10.02610288,-48.15420748,-0.178127588,-0.843639085
Brazil,Rio Branco,BR,-9.94983,-67.862536,-10.12968612,-68.0451593,-9.769973885,-67.6799127,-0.173657294,-1.184424692
Brazil,Maceio,BR,-9.614106,-35.736491,-9.793962115,-35.9189465,-9.434249885,-35.5540355,-0.167797804,-0.623719431
Brazil,Porto Velho,BR,-8.761043,-63.855119,-8.940899115,-64.03714952,-8.581186885,-63.67308848,-0.152909046,-1.114482071
Brazil,Recife,BR,-8.060181,-34.928716,-8.240037115,-35.11039884,-7.880324885,-34.74703316,-0.140676697,-0.609621098
Brazil,Joao Pessoa,BR,-7.141127,-34.885002,-7.320983115,-35.06623092,-6.961270885,-34.70377308,-0.124636178,-0.608858144
Indonesia,Jakarta,ID,-6.187998,106.884664,-6.367854115,106.7037707,-6.008141885,107.0655573,-0.108000939,1.865489307
Brazil,Natal,BR,-5.817574,-35.224652,-5.997430115,-35.40542419,-5.637717885,-35.04387981,-0.101535821,-0.614786155
Brazil,Teresina,BR,-5.077827,-42.760911,-5.257683115,-42.94144178,-4.897970885,-42.58038022,-0.0886248,-0.746318688
Brazil,Fortaleza,BR,-3.765517,-38.55643,-3.945373115,-38.73673453,-3.585660885,-38.37612547,-0.06572067,-0.672936651
Brazil,Manaus,BR,-3.076244,-60.005144,-3.256100115,-60.18533656,-2.896387885,-59.82495144,-0.053690586,-1.047287331
Brazil,Sao Luis,BR,-2.545661,-44.238376,-2.725517115,-44.41848246,-2.365804885,-44.05826954,-0.044430166,-0.772105317
Brazil,Belem,BR,-1.430802,-48.452975,-1.610658115,-48.63290082,-1.250945885,-48.27304918,-0.024972206,-0.845663946
Brazil,Macapa,BR,-0.002085,-51.094996,-0.181941115,-51.27517618,0.177771115,-50.91481582,-3.64E-05,-0.891775911
Brazil,Boa Vista,BR,2.842878,-60.71649,2.663021885,-60.89664468,3.022734115,-60.53633532,0.049617581,-1.059702661
Malaysia,Cyberjaya,MY,2.952768,101.666993,2.772911885,101.4868205,3.132624115,101.8471655,0.051535524,1.774423768
Malaysia,Klang Valley,MY,3.095195,101.675525,2.915338885,101.4953294,3.275051115,101.8557206,0.054021344,1.77457268
Malaysia,Kuala Lumpur,MY,3.095613,101.699723,2.915756885,101.5195273,3.275469115,101.8799187,0.054028639,1.774995015
Colombia,Cali,CO,3.408711,-76.531432,3.228854885,-76.71167855,3.588567115,-76.35118545,0.05949323,-1.33572547
Colombia,Bogota,CO,4.667151,-74.065523,4.487294885,-74.24597421,4.847007115,-73.88507179,0.081457152,-1.292687239
Colombia,Medellin,CO,6.253613,-75.609436,6.073756885,-75.7903508,6.433469115,-75.4285212,0.109146137,-1.319633604
Nigeria,Lagos,NG,6.498469,3.34211,6.318612885,3.161115026,6.678325115,3.523104974,0.11341968,0.058330823
Panama,Panama City,PA,9.060343,-79.42241,8.880486885,-79.6045894,9.240199115,-79.2402306,0.158132817,-1.386182554
India,Kochi,IN,9.972607,76.286016,9.792750885,76.1033813,10.15246312,76.4686507,0.174054827,1.331442152
Philippines,Cebu,PH,10.351083,123.913647,10.17122688,123.7308227,10.53093912,124.0964713,0.180660479,2.162701128
Colombia,Cartagena,CO,10.414002,-75.518549,10.23414588,-75.70140481,10.59385812,-75.33569319,0.181758623,-1.318047326
Vietnam,Ho Chi Minh City,VN,10.795785,106.666262,10.61592888,106.4832145,10.97564112,106.8493095,0.188421994,1.861677473
Colombia,Barranquilla,CO,10.964147,-74.787145,10.78429088,-74.97027715,11.14400312,-74.60401285,0.191360465,-1.305281918
Nicaragua,Managua,NI,12.127007,-86.192244,11.94715088,-86.37617488,12.30686312,-86.00831312,0.211656201,-1.504338447
India,Bangalore,IN,12.928452,77.611587,12.74859588,77.42697577,13.10830812,77.79619823,0.225644055,1.354577731
India,Chennai,IN,13.042295,80.249139,12.86243888,80.06443794,13.22215112,80.43384006,0.22763099,1.400611697
Thailand,Bangkok,TH,13.739285,100.535002,13.55942888,100.3498242,13.91914112,100.7201798,0.23979576,1.754666798
Philippines,Manila,PH,14.633458,120.967718,14.45360188,120.7818155,14.81331412,121.1536205,0.255402023,2.111284968
India,Hyderabad,IN,17.385716,78.438302,17.20585988,78.24981327,17.56557212,78.62679073,0.303437987,1.36900663
Puerto Rico,San Juan,PR,18.448555,-66.062478,18.26869888,-66.2520766,18.62841112,-65.8728794,0.321988027,-1.153007753
India,Pune,IN,18.528539,73.902299,18.34868288,73.71259971,18.70839512,74.09199829,0.323384011,1.289838442
Mexico,Puebla,MX,19.079091,-98.180443,18.89923488,-98.37082392,19.25894712,-97.99006208,0.332992956,-1.713571991
India,Mumbai,IN,19.115031,72.904652,18.93517488,72.714232,19.29488712,73.09507201,0.333620228,1.272426217
Mexico,Toluca,MX,19.324389,-99.639302,19.14453288,-99.82995002,19.50424512,-99.44865398,0.337274214,-1.739033884
Mexico,Mexico City,MX,19.387059,-99.124407,19.20720288,-99.31512338,19.56691512,-98.93369062,0.338368012,-1.730047271
Mexico,Queretaro,MX,20.627808,-100.416383,20.44795188,-100.6085788,20.80766412,-100.2241872,0.360023167,-1.752596506
Mexico,Guadalajara,MX,20.677902,-103.306185,20.49804588,-103.4984456,20.85775812,-103.1139244,0.360897472,-1.803033066
Mexico,Silao,MX,20.927748,-101.429415,20.74789188,-101.6219994,21.10760412,-101.2368306,0.365258108,-1.77027725
Vietnam,Hanoi,VN,20.988997,105.858619,20.80914088,105.6659551,21.16885312,106.0512829,0.366327104,1.847581443
Saudi Arabia,Jeddah,SA,21.319141,39.200338,21.13928488,39.0072442,21.49899712,39.3934318,0.372089204,0.684174966
Mexico,Aguascalientes,MX,21.915023,-102.255642,21.73516688,-102.4495166,22.09487912,-102.0617674,0.382489307,-1.784697632
Mexico,San Luis Potosi,MX,22.123084,-100.953555,21.94322788,-101.1477037,22.30294012,-100.7594063,0.386120656,-1.761971926
China,Shenzhen,CN,22.555941,114.103938,22.37608488,113.9092166,22.73579712,114.2986594,0.393675436,1.991489408
India,Kolkata,IN,22.572476,88.413087,22.39261988,88.21834364,22.75233212,88.60783036,0.393964027,1.54309947
China,Dongguan,CN,22.984777,113.727802,22.80492088,113.5325098,23.16463312,113.9230942,0.401160036,1.984924596
China,Guangzhou,CN,23.175126,113.271201,22.99526988,113.0756209,23.35498212,113.4667811,0.404482253,1.976955405
Oman,Muscat,OM,23.597902,58.453796,23.41804588,58.25756689,23.77775812,58.65002511,0.411861086,1.0202112
Saudi Arabia,Yanbu-Madinah,SA,23.986294,38.204226,23.80643788,38.00739685,24.16615012,38.40105515,0.418639806,0.666789532
United Arab Emirates,Abu Dhabi,AE,24.307943,54.647827,24.12808688,54.45049813,24.48779912,54.84515587,0.42425364,0.95378451
Saudi Arabia,Riyadh,SA,24.909704,46.605863,24.72984788,46.40759239,25.08956012,46.80413361,0.43475635,0.81342576
United Arab Emirates,Dubai,AE,25.181058,55.230371,25.00120188,55.03165133,25.36091412,55.42909067,0.439492371,0.963951821
Qatar,Doha,QA,25.250499,51.501265,25.07064288,51.30242735,25.43035512,51.70010265,0.440704345,0.898866643
Mexico,Saltillo,MX,25.38247,-101.005743,25.20261388,-101.2048053,25.56232612,-100.8066807,0.443007674,-1.762882779
Mexico,Monterrey,MX,25.720932,-100.348297,25.54107588,-100.5479376,25.90078812,-100.1486564,0.44891495,-1.751408181
United States,Miami (FL),US,25.777999,-80.238356,25.59814288,-80.4380945,25.95785512,-80.0386175,0.449910957,-1.400423499
United States,Brownsville (TX),US,25.945225,-97.5099,25.76536888,-97.70992579,26.12508112,-97.30987421,0.452829601,-1.701868808
Mexico,Reynosa,MX,26.02087,-98.260778,25.84101388,-98.46093402,26.20072612,-98.06062198,0.454149856,-1.714974102
United States,Miami-Fort Lauderdale (FL),US,26.098265,-80.180072,25.91840888,-80.38036143,26.27812112,-79.97978257,0.455500653,-1.399406251
Bahrain,Manama,BH,26.191923,50.557874,26.01206688,50.35742288,26.37177912,50.75832512,0.457135294,0.882401364
United States,Harlingen (TX),US,26.226142,-97.665772,26.04628588,-97.86628226,26.40599812,-97.46526174,0.457732528,-1.704589288
