PartitionKey,RowKey,CountryCode,Latitude,Longitude,SW_Lat,SW_Lon,NE_Lat,NE_Lon,City #,lat radians,long radians,Separation
Argentina,Buenos Aires,AR,-34.61908,-58.434682,-34.79893612,-58.65324881,-34.43922388,-58.21611519,1,-0.60421693,-1.019877598,11617.46675
Australia,Melbourne,AU,-37.8178,145.018467,-37.99765612,144.7907673,-37.63794388,145.2461667,2,-0.660045126,2.531049725,
Australia,Sydney,AU,-33.892304,151.15511,-34.07216012,150.9384166,-33.71244788,151.3718034,3,-0.591532296,2.638154351,
Australia,Perth,AU,-31.909618,115.850182,-32.08947412,115.638298,-31.72976188,116.062066,4,-0.556927897,2.021967115,
Australia,Adelaide,AU,-34.883417,138.614586,-35.06327312,138.3953288,-34.70356088,138.8338432,5,-0.608830481,2.419280917,
Australia,Brisbane,AU,-27.42293,153.033998,-27.60278612,152.8313624,-27.24307388,153.2366336,6,-0.478620419,2.670947133,
Australia,Newcastle,AU,-32.936755,151.725599,-33.11661112,151.5112959,-32.75689888,151.9399021,7,-0.57485482,2.648111262,
Australia,Canberra,AU,-35.237373,149.123048,-35.41722912,148.9028365,-35.05751688,149.3432595,8,-0.615008179,2.602688178,
Austria,Vienna,AT,48.243407,16.33293,48.06355088,16.0628315,48.42326312,16.6030285,9,0.842006295,0.285063405,
Austria,Innsbruck,AT,47.225434,11.410194,47.04557788,11.1453201,47.40529012,11.6750679,10,0.824239314,0.199145454,
Austria,Salzburg,AT,47.840843,13.006798,47.66098688,12.73880062,48.02069912,13.27479538,11,0.834980227,0.22701145,
Bahrain,Manama,BH,26.191923,50.557874,26.01206688,50.35742288,26.37177912,50.75832512,12,0.457135294,0.882401364,
Belgium,Brussels,BE,50.890234,4.381814,50.71037788,4.096684439,51.07009012,4.666943561,13,0.88820214,0.076477082,
Belgium,Liege,BE,50.67507,5.556495,50.49521388,5.272662708,50.85492612,5.840327292,14,0.88444682,0.096979133,
Belgium,Antwerp,BE,51.224061,4.47381,51.04420488,4.186616369,51.40391712,4.761003631,15,0.894028521,0.078082715,
Belgium,Ghent,BE,51.081945,3.774482,50.90208888,3.488176467,51.26180112,4.060787533,16,0.891548129,0.065877138,
Bosnia and Herzegovina,Sarajevo,BA,43.843115,18.353957,43.66325888,18.10457627,44.02297112,18.60333773,17,0.765206711,0.32033698,
Brazil,Sao Paulo,BR,-23.531084,-46.680337,-23.71094012,-46.87646325,-23.35122788,-46.48421075,18,-0.410694892,-0.814725577,
Brazil,Rio de Janeiro,BR,-22.901821,-43.222252,-23.08167712,-43.4174335,-22.72196488,-43.0270705,19,-0.399712181,-0.754370608,
Brazil,Belo Horizonte,BR,-19.93462,-43.978084,-20.11447612,-44.16939974,-19.75476388,-43.78676826,20,-0.347924754,-0.767562365,
Brazil,Recife,BR,-8.060181,-34.928716,-8.240037115,-35.11039884,-7.880324885,-34.74703316,21,-0.140676697,-0.609621098,
Brazil,Curitiba,BR,-25.407469,-49.223474,-25.58732512,-49.42257887,-25.22761288,-49.02436913,22,-0.443443989,-0.859111691,
Brazil,Brasilia,BR,-15.81959,-47.920713,-15.99944612,-48.107646,-15.63973388,-47.73378,23,-0.276103932,-0.836374222,
Brazil,Goiania,BR,-16.650638,-49.292859,-16.83049412,-49.48063547,-16.47078188,-49.10508253,24,-0.290608456,-0.860322687,
Brazil,Porto Alegre,BR,-30.076658,-51.200587,-30.25651412,-51.40843512,-29.89680188,-50.99273888,25,-0.52493671,-0.893618822,
Brazil,Campinas,BR,-22.928187,-47.107251,-23.10804312,-47.30246767,-22.74833088,-46.91203433,26,-0.400172355,-0.822176632,
Brazil,Manaus,BR,-3.076244,-60.005144,-3.256100115,-60.18533656,-2.896387885,-59.82495144,27,-0.053690586,-1.047287331,
Brazil,Sao Luis,BR,-2.545661,-44.238376,-2.725517115,-44.41848246,-2.365804885,-44.05826954,28,-0.044430166,-0.772105317,
Brazil,Aracaju,BR,-10.903539,-37.083746,-11.08339512,-37.26684766,-10.72368288,-36.90064434,29,-0.190302656,-0.647233467,
Brazil,Belem,BR,-1.430802,-48.452975,-1.610658115,-48.63290082,-1.250945885,-48.27304918,30,-0.024972206,-0.845663946,
Brazil,Natal,BR,-5.817574,-35.224652,-5.997430115,-35.40542419,-5.637717885,-35.04387981,31,-0.101535821,-0.614786155,
Brazil,Vitoria,BR,-20.318612,-40.338149,-20.49846812,-40.5299459,-20.13875588,-40.1463521,32,-0.354626679,-0.704033514,
Brazil,Salvador,BR,-12.937068,-38.474448,-13.11692412,-38.65906657,-12.75721188,-38.28982943,33,-0.225794432,-0.671505795,
Brazil,Cuiaba,BR,-15.58355,-56.055234,-15.76340612,-56.24196102,-15.40369388,-55.86850698,34,-0.271984257,-0.978348396,
Brazil,Fortaleza,BR,-3.765517,-38.55643,-3.945373115,-38.73673453,-3.585660885,-38.37612547,35,-0.06572067,-0.672936651,
Brazil,Joao Pessoa,BR,-7.141127,-34.885002,-7.320983115,-35.06623092,-6.961270885,-34.70377308,36,-0.124636178,-0.608858144,
Brazil,Juiz de Fora,BR,-21.740873,-43.385839,-21.92072912,-43.57948473,-21.56101688,-43.19219327,37,-0.379449816,-0.757225739,
Brazil,Porto Velho,BR,-8.761043,-63.855119,-8.940899115,-64.03714952,-8.581186885,-63.67308848,38,-0.152909046,-1.114482071,
Brazil,Maceio,BR,-9.614106,-35.736491,-9.793962115,-35.9189465,-9.434249885,-35.5540355,39,-0.167797804,-0.623719431,
Brazil,Uberaba,BR,-19.739511,-47.892257,-19.91936712,-48.08335874,-19.55965488,-47.70115526,40,-0.34451946,-0.835877571,
Brazil,Teresina,BR,-5.077827,-42.760911,-5.257683115,-42.94144178,-4.897970885,-42.58038022,41,-0.0886248,-0.746318688,
Brazil,Campo Grande,BR,-20.501813,-54.586587,-20.68166912,-54.77862006,-20.32195688,-54.39455394,42,-0.357824139,-0.952715671,
Brazil,Uberlandia,BR,-18.930587,-48.230807,-19.11044312,-48.42101402,-18.75073088,-48.04059998,43,-0.330401072,-0.841786383,
Brazil,Florianopolis,BR,-27.593112,-48.497544,-27.77296812,-48.7004945,-27.41325588,-48.2945935,44,-0.481590655,-0.846441822,
Brazil,Palmas,BR,-10.205959,-48.336959,-10.38581512,-48.51971052,-10.02610288,-48.15420748,45,-0.178127588,-0.843639085,
Brazil,Boa Vista,BR,2.842878,-60.71649,2.663021885,-60.89664468,3.022734115,-60.53633532,46,0.049617581,-1.059702661,
Brazil,Rio Branco,BR,-9.94983,-67.862536,-10.12968612,-68.0451593,-9.769973885,-67.6799127,47,-0.173657294,-1.184424692,
Brazil,Pouso Alegre,BR,-22.26945,-45.925121,-22.44930612,-46.11946296,-22.08959388,-45.73077904,48,-0.388675225,-0.801544571,
Brazil,Varginha,BR,-21.599048,-45.449384,-21.77890412,-45.64284377,-21.41919188,-45.25592423,49,-0.376974503,-0.793241394,
Brazil,Macapa,BR,-0.002085,-51.094996,-0.181941115,-51.27517618,0.177771115,-50.91481582,50,-3.63901E-05,-0.891775911,
Bulgaria,Sofia,BG,42.707746,23.379922,42.52788988,23.13513251,42.88760212,23.62471149,51,0.745390784,0.408056618,
Bulgaria,Plovdiv,BG,42.124578,24.686405,41.94472188,24.44388317,42.30443412,24.92892683,52,0.735212582,0.430859048,
Canada,Montreal,CA,45.538465,-73.607091,45.35860888,-73.86389128,45.71832112,-73.35029072,53,0.794796151,-1.284686091,
Canada,Toronto,CA,43.697668,-79.396504,43.51781188,-79.64528466,43.87752412,-79.14772334,54,0.762668182,-1.385730409,
Canada,Quebec City,CA,46.848363,-71.245443,46.66850688,-71.50844929,47.02821912,-70.98243671,55,0.817658184,-1.243467557,
Canada,Vancouver,CA,49.237855,-123.118478,49.05799888,-123.3939678,49.41771112,-122.8429882,56,0.859362686,-2.148822811,
Canada,Ottawa-Gatineau,CA,45.431797,-75.693582,45.25194088,-75.94989432,45.61165312,-75.43726968,57,0.792934443,-1.321102229,
Canada,Mississauga,CA,43.634057,-79.642384,43.45420088,-79.89090312,43.81391312,-79.39386488,58,0.761557961,-1.390021825,
Canada,Hamilton,CA,43.211323,-79.840722,43.03146688,-80.08751693,43.39117912,-79.59392707,59,0.75417986,-1.393483476,
Canada,Ottawa,CA,45.374407,-75.672358,45.19455088,-75.92840856,45.55426312,-75.41630744,60,0.791932798,-1.3207318,
Canada,Halifax,CA,44.654769,-63.638389,44.47491288,-63.89123505,44.83462512,-63.38554295,61,0.779372746,-1.110699419,
Canada,Windsor,CA,42.27171,-83.022772,42.09185388,-83.26586199,42.45156612,-82.77968201,62,0.73778052,-1.449020726,
Canada,Edmonton,CA,53.500613,-113.510882,53.32075688,-113.8132752,53.68046912,-113.2084888,63,0.933761849,-1.981138628,
Canada,Calgary,CA,51.087634,-114.109266,50.90777788,-114.395607,51.26749012,-113.822925,64,0.89164742,-1.991582399,
Canada,Victoria,CA,48.467247,-123.32841,48.28739088,-123.5996976,48.64710312,-123.0571224,65,0.84591304,-2.152486816,
Canada,Winnipeg,CA,49.943111,-97.16163,49.76325488,-97.44113842,50.12296712,-96.88212158,66,0.871671726,-1.69579035,
Canada,London,CA,42.942669,-81.227635,42.76281288,-81.47335003,43.12252512,-80.98191997,67,0.749490964,-1.417689674,
Canada,Trois-Rivieres,CA,46.387531,-72.555628,46.20767488,-72.81640602,46.56738712,-72.29484998,68,0.809615148,-1.266334599,
Canada,Oshawa,CA,43.941722,-78.864902,43.76186588,-79.11469121,44.12157812,-78.61511279,69,0.766927728,-1.376452204,
Canada,Moncton,CA,46.103921,-64.839568,45.92406488,-65.09899334,46.28377712,-64.58014266,70,0.80466522,-1.131663947,
Canada,Regina,CA,50.479268,-104.664101,50.29941188,-104.946763,50.65912412,-104.381439,71,0.881029431,-1.826733171,
Canada,Kingston,CA,44.242385,-76.546821,44.06252888,-76.79788691,44.42224112,-76.29575509,72,0.772175287,-1.335994058,
Canada,Barrie,CA,44.344372,-79.698011,44.16451588,-79.94951482,44.52422812,-79.44650718,73,0.773955296,-1.390992699,
Canada,Waterloo,CA,43.509372,-80.520412,43.32951588,-80.76842008,43.68922812,-80.27240392,74,0.759381797,-1.405346304,
Canada,St. John's,CA,47.527356,-52.758044,47.34749988,-53.02444114,47.70721212,-52.49164686,75,0.829508847,-0.920801575,
Canada,Saskatoon,CA,52.177975,-106.663063,51.99811888,-106.9563787,52.35783112,-106.3697473,76,0.910677461,-1.86162164,
Canada,Kelowna,CA,49.919458,-119.446307,49.73960188,-119.7256787,50.09931412,-119.1669353,77,0.871258903,-2.084731336,
Canada,St. Catharines-Niagara,CA,43.127708,-79.20343,42.94785188,-79.44988673,43.30756412,-78.95697327,78,0.752720503,-1.382360632,
Canada,Brantford,CA,43.183754,-80.258812,43.00389788,-80.50549532,43.36361012,-80.01212868,79,0.753698691,-1.400780523,
Canada,Saguenay,CA,48.383445,-71.082347,48.20358888,-71.35318822,48.56330112,-70.81150578,80,0.844450419,-1.240620995,
Canada,Saint John,CA,45.309612,-66.02763,45.12975588,-66.28338566,45.48946812,-65.77187434,81,0.790801912,-1.152399541,
Canada,Thunder Bay,CA,48.425595,-89.238302,48.24573888,-89.50936756,48.60545112,-88.96723644,82,0.845186075,-1.557502189,
Canada,Sarnia,CA,42.984313,-82.346702,42.80445688,-82.59258182,43.16416912,-82.10082218,83,0.750217789,-1.437221078,
Canada,Belleville,CA,44.207388,-77.395225,44.02753188,-77.64614099,44.38724412,-77.14430901,84,0.771564474,-1.350801502,
Canada,Guelph,CA,43.500176,-80.235474,43.32031988,-80.48344447,43.68003212,-79.98750353,85,0.759221296,-1.400373198,
Canada,Sherbrooke,CA,45.403814,-71.8185,45.22395788,-72.07468462,45.58367012,-71.56231538,86,0.792446047,-1.253469289,
Canada,Sault Ste. Marie,CA,46.509827,-84.283532,46.32997088,-84.54489767,46.68968312,-84.02216633,87,0.811749616,-1.471025139,
Canada,Peterborough,CA,44.274782,-78.362511,44.09492588,-78.61371585,44.45463812,-78.11130615,88,0.772740722,-1.367683827,
Canada,Kitchener,CA,43.379043,-80.436537,43.19918688,-80.68401314,43.55889912,-80.18906086,89,0.757107127,-1.40388241,
Canada,Fredericton,CA,45.920917,-66.626801,45.74106088,-66.88536621,46.10077312,-66.36823579,90,0.801471197,-1.162857048,
Canada,Abbotsford,CA,49.098232,-122.316399,48.91837588,-122.5911069,49.27808812,-122.0416911,91,0.856925805,-2.134823892,
Canada,Medicine Hat,CA,49.996267,-110.677627,49.81641088,-110.9574431,50.17612312,-110.3978109,92,0.872599473,-1.931688999,
Canada,Lethbridge,CA,49.731752,-112.804994,49.55189588,-113.0832858,49.91160812,-112.5267022,93,0.867982815,-1.968818558,
Canada,Chatham-Kent,CA,42.372875,-82.147461,42.19301888,-82.39094318,42.55273112,-81.90397882,94,0.739546182,-1.433743667,
Canada,Charlottetown,CA,46.276205,-63.165425,46.09634888,-63.42567037,46.45606112,-62.90517963,95,0.807672143,-1.10244464,
Canada,Prince George,CA,53.961976,-122.746052,53.78211988,-123.0517721,54.14183212,-122.4403319,96,0.941814152,-2.142322751,
Canada,Greater Sudbury,CA,46.549623,-81.100464,46.36976688,-81.36202147,46.72947912,-80.83890653,97,0.812444187,-1.415470122,
Chile,Santiago,CL,-33.486942,-70.646149,-33.66679812,-70.86181939,-33.30708588,-70.43047861,98,-0.584457394,-1.233007904,
China,Hangzhou,CN,30.317266,120.175047,30.13740988,119.9666831,30.49712212,120.3834109,99,0.529136112,2.097450249,
China,Beijing,CN,39.951334,116.406679,39.77147788,116.172047,40.13119012,116.641311,100,0.697282319,2.03167982,
China,Shenzhen,CN,22.555941,114.103938,22.37608488,113.9092166,22.73579712,114.2986594,101,0.393675436,1.991489408,
China,Shanghai,CN,31.188956,121.457416,31.00909988,121.2471534,31.36881212,121.6676786,102,0.544349972,2.11983181,
China,Nanjing,CN,32.017354,118.789738,31.83749788,118.5776083,32.19721012,119.0018677,103,0.558808245,2.073272046,
China,Tianjin,CN,39.13016,117.193821,38.95030388,116.9619367,39.31001612,117.4257053,104,0.682950129,2.045418039,
China,Guangzhou,CN,23.175126,113.271201,22.99526988,113.0756209,23.35498212,113.4667811,105,0.404482253,1.976955405,
China,Wuxi,CN,31.537188,120.300361,31.35733188,120.0893181,31.71704412,120.5114039,106,0.550427767,2.099637391,
China,Suzhou,CN,31.311749,120.635467,31.13189288,120.4249299,31.49160512,120.8460041,107,0.546493115,2.105486094,
China,Dalian,CN,38.940196,121.566482,38.76033988,121.335221,39.12005212,121.797743,108,0.679634632,2.121735371,
China,Chengdu,CN,30.620912,104.06248,30.44105588,103.8534615,30.80076812,104.2714985,109,0.534435734,1.816232904,
China,Qingdao,CN,36.111906,120.396593,35.93204988,120.1739507,36.29176212,120.6192353,110,0.630271659,2.101316956,
China,Dongguan,CN,22.984777,113.727802,22.80492088,113.5325098,23.16463312,113.9230942,111,0.401160036,1.984924596,
China,Changzhou,CN,31.772986,119.952519,31.59312988,119.7409444,31.95284212,120.1640936,112,0.554543219,2.093566403,
China,Chongqing,CN,29.61145,106.528549,29.43159388,106.3216577,29.79130612,106.7354403,113,0.516817299,1.859273927,
China,Wuhan,CN,30.62798,114.271218,30.44812388,114.0621842,30.80783612,114.4802518,114,0.534559094,1.994408994,
Colombia,Bogota,CO,4.667151,-74.065523,4.487294885,-74.24597421,4.847007115,-73.88507179,115,0.081457152,-1.292687239,
Colombia,Cali,CO,3.408711,-76.531432,3.228854885,-76.71167855,3.588567115,-76.35118545,116,0.05949323,-1.33572547,
Colombia,Barranquilla,CO,10.964147,-74.787145,10.78429088,-74.97027715,11.14400312,-74.60401285,117,0.191360465,-1.305281918,
Colombia,Medellin,CO,6.253613,-75.609436,6.073756885,-75.7903508,6.433469115,-75.4285212,118,0.109146137,-1.319633604,
Colombia,Cartagena,CO,10.414002,-75.518549,10.23414588,-75.70140481,10.59385812,-75.33569319,119,0.181758623,-1.318047326,
Croatia,Zagreb,HR,45.801793,15.918488,45.62193688,15.66047511,45.98164912,16.17650089,120,0.799392091,0.277830028,
Czech Republic,Prague,CZ,50.085333,14.505828,49.90547688,14.22549158,50.26518912,14.78616442,121,0.874153968,0.253174459,
Czech Republic,Ostrava,CZ,49.852047,18.3128,49.67219088,18.03381706,50.03190312,18.59178294,122,0.870082359,0.319618655,
Czech Republic,Brno,CZ,49.225526,16.552952,49.04566988,16.27753145,49.40538212,16.82837255,123,0.859147505,0.288903513,
Denmark,Copenhagen,DK,55.709484,12.517062,55.52962788,12.19780179,55.88934012,12.83632221,124,0.97231392,0.218463945,
Denmark,Esbjerg,DK,55.521552,8.463041,55.34169588,8.145305901,55.70140812,8.780776099,125,0.969033888,0.14770793,
Egypt,Cairo,EG,30.070523,31.277043,29.89066688,31.069208,30.25037912,31.484878,126,0.524829634,0.545887381,
Estonia,Tallinn,EE,59.406628,24.686806,59.22677188,24.33339248,59.58648412,25.04021952,127,1.036841256,0.430866047,
Finland,Helsinki,FI,60.218054,24.950786,60.03819788,24.58867373,60.39791012,25.31289827,128,1.051003311,0.435473367,
Finland,Tampere,FI,61.465978,23.826639,61.28612188,23.45008461,61.64583412,24.20319339,129,1.072783694,0.4158533,
Finland,Oulu,FI,65.036985,25.560799,64.85712888,25.13458611,65.21684112,25.98701189,130,1.135109524,0.446120102,
Finland,Espoo,FI,60.160724,24.645603,59.98086788,24.28412483,60.34058012,25.00708117,131,1.050002714,0.430146918,
Finland,Turku,FI,60.486988,22.323276,60.30713188,21.95815919,60.66684412,22.68839281,132,1.055697095,0.389614666,
Finland,Kuopio,FI,62.851658,27.642071,62.67180188,27.24786697,63.03151412,28.03627503,133,1.096968372,0.482445151,
Finland,Jyvaskyla,FI,62.289656,25.740652,62.10979988,25.35381821,62.46951212,26.12748579,134,1.087159587,0.449259129,
France,Paris,FR,48.876401,2.290445,48.69654488,2.016956504,49.05625712,2.563933496,135,0.853054124,0.039975807,
France,Lyon,FR,45.730777,4.877557,45.55092088,4.619872261,45.91063312,5.135241739,136,0.798152628,0.085129429,
France,Toulouse,FR,43.568971,1.405322,43.38911488,1.157069908,43.74882712,1.653574093,137,0.760421996,0.024527496,
France,Marseille,FR,43.29903,5.429087,43.11917388,5.181936308,43.47888612,5.676237692,138,0.755710636,0.094755444,
France,Nantes,FR,47.255866,-1.516314,47.07600988,-1.781340641,47.43572212,-1.251287359,139,0.824770453,-0.026464672,
France,Montpellier,FR,43.634192,3.824118,43.45433588,3.575598322,43.81404812,4.072637678,140,0.761560317,0.06674345,
France,Strasbourg,FR,48.6108,7.789096,48.43094388,7.517040235,48.79065612,8.061151765,141,0.848418512,0.135945371,
France,Grenoble,FR,45.188879,5.726357,45.00902288,5.471149029,45.36873512,5.981564971,142,0.788694724,0.099943784,
France,Reims,FR,49.213748,4.021308,49.03389188,3.745953544,49.39360412,4.296662456,143,0.85894194,0.070185065,
France,Metz,FR,49.075211,6.188366,48.89535488,5.913786644,49.25506712,6.462945357,144,0.856524013,0.108007362,
France,Lille,FR,50.63646,2.987431,50.45660388,2.703830247,50.81631612,3.271031753,145,0.883772949,0.052140507,
France,Le Havre,FR,49.510456,0.172565,49.33059988,-0.104464317,49.69031212,0.449594317,146,0.864120471,0.003011827,
France,Amiens,FR,49.936362,2.271767,49.75650588,1.992297595,50.11621812,2.551236405,147,0.871553933,0.039649814,
France,Pau,FR,43.318489,-0.317546,43.13863288,-0.564775761,43.49834512,-0.070316239,148,0.75605026,-0.005542223,
France,Sophia Antipolis,FR,43.636529,6.99785,43.45667288,6.749320723,43.81638512,7.246379277,149,0.761601105,0.122135523,
Germany,Berlin,DE,52.509513,13.47276,52.32965688,13.17723142,52.68936912,13.76828858,150,0.91646389,0.235144021,
Germany,Hamburg,DE,53.581025,10.051667,53.40116888,9.748699131,53.76088112,10.35463487,151,0.935165303,0.175434684,
Germany,Munich,DE,48.165723,11.532932,47.98586688,11.26324375,48.34557912,11.80262025,152,0.840650453,0.201287636,
Germany,Cologne,DE,50.977213,6.927401,50.79735688,6.641743652,51.15706912,7.213058348,153,0.88972021,0.120905956,
Germany,Frankfurt,DE,50.154226,8.663594,49.97436988,8.382853644,50.33408212,8.944334356,154,0.875356377,0.15120824,
Germany,Dresden,DE,51.0331,13.803108,50.85324388,13.51710644,51.21295612,14.08910956,155,0.890695622,0.240909682,
Germany,Hannover,DE,52.372422,9.80529,52.19256588,9.510680486,52.55227812,10.09989951,156,0.914071201,0.171134595,
Germany,Leipzig,DE,51.330515,12.440842,51.15065888,12.15297951,51.51037112,12.72870449,157,0.895886493,0.217133655,
Germany,Nurnberg,DE,49.493685,11.049603,49.31382888,10.7726689,49.67354112,11.32653711,158,0.863827762,0.192851953,
Germany,Bonn,DE,50.697298,7.129692,50.51744188,6.845726237,50.87715412,7.413657763,159,0.884834772,0.1244366,
Germany,Dusseldorf,DE,51.27283,6.777603,51.09297388,6.490103335,51.45268612,7.065102665,160,0.8948797,0.118291488,
Germany,Stuttgart,DE,48.821187,9.182797,48.64133088,8.909607586,49.00104312,9.455986414,161,0.852090458,0.160270042,
Germany,Mainz,DE,49.991858,8.177303,49.81200188,7.89751248,50.17171412,8.45709352,162,0.872522521,0.142720861,
Germany,Darmstadt,DE,49.917692,8.653199,49.73783588,8.373837459,50.09754812,8.932560541,163,0.87122808,0.151026813,
Germany,Saarbrucken,DE,49.223635,7.060956,49.04377888,6.78554606,49.40349112,7.33636594,164,0.859114501,0.123236931,
Germany,Bremerhaven,DE,53.582922,8.602124,53.40306588,8.299142549,53.76277812,8.905105451,165,0.935198412,0.150135386,
Germany,Cuxhaven,DE,53.825866,8.737961,53.64600988,8.43322997,54.00572212,9.04269203,166,0.939438584,0.152506189,
Greece,Athens,GR,38.028179,23.744726,37.84832288,23.51637875,38.20803512,23.97307325,167,0.663716932,0.414423649,
Hungary,Budapest,HU,47.513478,19.102234,47.33362188,18.83590726,47.69333412,19.36856074,168,0.82926663,0.333396878,
Hungary,Pecs,HU,46.029012,18.24718,45.84915588,17.9881096,46.20886812,18.5062504,169,0.803357811,0.31847337,
Hungary,Gyor,HU,47.682497,17.71648,47.50264088,17.44929331,47.86235312,17.98366669,170,0.832216568,0.309210908,
Hungary,Szekesfehervar,HU,47.141969,18.411784,46.96211288,18.14732813,47.32182512,18.67623987,171,0.822782575,0.321346252,
Iceland,Reykjavik,IS,64.139482,-21.919272,63.95962588,-22.33167794,64.31933812,-21.50686606,172,1.119445141,-0.382563466,
India,Chennai,IN,13.042295,80.249139,12.86243888,80.06443794,13.22215112,80.43384006,173,0.22763099,1.400611697,
India,New Delhi,IN,28.647344,77.173647,28.46748788,76.9686827,28.82720012,77.3786113,174,0.499990475,1.346934236,
India,Bangalore,IN,12.928452,77.611587,12.74859588,77.42697577,13.10830812,77.79619823,175,0.225644055,1.354577731,
India,Hyderabad,IN,17.385716,78.438302,17.20585988,78.24981327,17.56557212,78.62679073,176,0.303437987,1.36900663,
India,Kolkata,IN,22.572476,88.413087,22.39261988,88.21834364,22.75233212,88.60783036,177,0.393964027,1.54309947,
India,Mumbai,IN,19.115031,72.904652,18.93517488,72.714232,19.29488712,73.09507201,178,0.333620228,1.272426217,
India,Pune,IN,18.528539,73.902299,18.34868288,73.71259971,18.70839512,74.09199829,179,0.323384011,1.289838442,
India,Noida,IN,28.572073,77.36064,28.39221688,77.15582264,28.75192912,77.56545736,180,0.498676748,1.350197879,
India,Gurgaon,IN,28.428483,77.063621,28.24862688,76.85908335,28.60833912,77.26815865,181,0.49617063,1.34501392,
India,Kochi,IN,9.972607,76.286016,9.792750885,76.1033813,10.15246312,76.4686507,182,0.174054827,1.331442152,
Indonesia,Jakarta,ID,-6.187998,106.884664,-6.367854115,106.7037707,-6.008141885,107.0655573,183,-0.108000939,1.865489307,
Ireland,Dublin,IE,53.310297,-6.30021,53.13044088,-6.601251891,53.49015312,-5.999168109,184,0.930440208,-0.109959408,
Ireland,Galway,IE,53.280416,-8.983957,53.10055988,-9.284787815,53.46027212,-8.683126185,185,0.929918686,-0.15679963,
Ireland,Limerick,IE,52.625509,-8.654797,52.44565288,-8.951107712,52.80536512,-8.358486288,186,0.918488403,-0.151054704,
Ireland,Cork,IE,51.889451,-8.414796,51.70959488,-8.706222094,52.06930712,-8.123369906,187,0.905641767,-0.146865896,
Israel,Tel Aviv,IL,32.044401,34.759168,31.86454488,34.54697502,32.22425712,34.97136098,188,0.559280304,0.606661927,
Italy,Rome,IT,41.875683,12.544161,41.69582688,12.30258701,42.05553912,12.78573499,189,0.730868545,0.218936911,
Italy,Milan,IT,45.507372,9.208991,45.32751588,8.952333144,45.68722812,9.465648856,190,0.794253475,0.160727214,
Italy,Turin,IT,45.038625,7.642187,44.85876888,7.387657363,45.21848112,7.896716637,191,0.786072297,0.133381325,
Italy,Naples,IT,40.893458,14.245596,40.71360188,14.00765441,41.07331412,14.48353759,192,0.713725485,0.248632554,
Italy,Florence,IT,43.810858,11.232563,43.63100188,10.9833156,43.99071412,11.4818104,193,0.76464372,0.196045208,
Italy,Modena,IT,44.615861,10.931265,44.43600488,10.67858798,44.79571712,11.18394202,194,0.778693673,0.190786566,
Japan,Osaka,JP,34.660879,135.516027,34.48102288,135.2973513,34.84073512,135.7347027,195,0.60494646,2.36520086,
Japan,Yokohama,JP,35.418596,139.589954,35.23873988,139.3692448,35.59845212,139.8106632,196,0.618171117,2.4363043,
Japan,Fukuoka,JP,33.545384,130.400123,33.36552788,130.1843057,33.72524012,130.6159403,197,0.5854774,2.275911491,
Japan,Nagoya,JP,35.125648,136.974011,34.94579188,136.7541052,35.30550412,137.1939168,198,0.613058209,2.390647482,
Japan,Hiroshima,JP,34.366876,132.495225,34.18701988,132.2773129,34.54673212,132.7131371,199,0.59981514,2.312477919,
Japan,Kyoto,JP,35.06525,135.742305,34.88539388,135.5225641,35.24510612,135.9620459,200,0.612004066,2.369150156,
Japan,Okayama,JP,34.671338,133.926906,34.49148188,133.7082031,34.85119412,134.1456089,201,0.605129004,2.337465467,
Japan,Kobe,JP,34.702088,135.121974,34.52223188,134.9031909,34.88194412,135.3407571,202,0.605665693,2.358323338,
Japan,Kitakyushu,JP,33.822162,130.882693,33.64230588,130.6661773,34.00201812,131.0992087,203,0.590308087,2.284333927,
Japan,Tokyo,JP,35.727775,139.256163,35.54791888,139.0345996,35.90763112,139.4777264,204,0.623567308,2.430478548,
Jordan,Amman,JO,31.972541,35.895954,31.79268488,35.68392728,32.15239712,36.10798072,205,0.558026111,0.626502585,
Jordan,Aqaba,JO,29.56674,35.01009,29.38688388,34.80328957,29.74659612,35.21689043,206,0.516036962,0.611041342,
Republic of Korea,Seoul,KR,37.585854,127.029366,37.40599788,126.8023736,37.76571012,127.2563584,207,0.655996904,2.217080683,
Republic of Korea,Sacheon,KR,35.066428,127.995319,34.88657188,127.7755748,35.24628412,128.2150632,208,0.612024626,2.233939744,
Kuwait,Kuwait City,KW,29.390279,47.997586,29.21042288,47.79114341,29.57013512,48.20402859,209,0.512957137,0.837715909,
Latvia,Riga,LV,56.970628,24.183964,56.79077188,23.85397229,57.15048412,24.51395571,210,0.994325036,0.422089798,
Lithuania,Kaunas,LT,54.911463,23.978032,54.73160688,23.66514034,55.09131912,24.29092366,211,0.958385826,0.418495607,
Lithuania,Vilnius,LT,54.675607,25.204819,54.49575088,24.89374092,54.85546312,25.51589708,212,0.954269363,0.439907079,
Lithuania,Klaipeda,LT,55.666309,21.189825,55.48645288,20.87091646,55.84616512,21.50873354,213,0.971560374,0.369832214,
Malaysia,Klang Valley,MY,3.095195,101.675525,2.915338885,101.4953294,3.275051115,101.8557206,214,0.054021344,1.77457268,
Malaysia,Kuala Lumpur,MY,3.095613,101.699723,2.915756885,101.5195273,3.275469115,101.8799187,215,0.054028639,1.774995015,
Malaysia,Cyberjaya,MY,2.952768,101.666993,2.772911885,101.4868205,3.132624115,101.8471655,216,0.051535524,1.774423768,
Mexico,Mexico City,MX,19.387059,-99.124407,19.20720288,-99.31512338,19.56691512,-98.93369062,217,0.338368012,-1.730047271,
Mexico,Guadalajara,MX,20.677902,-103.306185,20.49804588,-103.4984456,20.85775812,-103.1139244,218,0.360897472,-1.803033066,
Mexico,Monterrey,MX,25.720932,-100.348297,25.54107588,-100.5479376,25.90078812,-100.1486564,219,0.44891495,-1.751408181,
Mexico,Tijuana,MX,32.496129,-116.992197,32.31627288,-117.2054529,32.67598512,-116.7789411,220,0.567164445,-2.041899037,
Mexico,Puebla,MX,19.079091,-98.180443,18.89923488,-98.37082392,19.25894712,-97.99006208,221,0.332992956,-1.713571991,
Mexico,San Luis Potosi,MX,22.123084,-100.953555,21.94322788,-101.1477037,22.30294012,-100.7594063,222,0.386120656,-1.761971926,
Mexico,Queretaro,MX,20.627808,-100.416383,20.44795188,-100.6085788,20.80766412,-100.2241872,223,0.360023167,-1.752596506,
Mexico,Chihuahua,MX,28.673274,-106.092423,28.49341788,-106.297438,28.85313012,-105.887408,224,0.500443039,-1.851662093,
Mexico,Aguascalientes,MX,21.915023,-102.255642,21.73516688,-102.4495166,22.09487912,-102.0617674,225,0.382489307,-1.784697632,
Mexico,Toluca,MX,19.324389,-99.639302,19.14453288,-99.82995002,19.50424512,-99.44865398,226,0.337274214,-1.739033884,
Mexico,Ciudad Juarez,MX,31.650529,-106.401959,31.47067288,-106.6132572,31.83038512,-106.1906608,227,0.552405941,-1.857064515,
Mexico,Saltillo,MX,25.38247,-101.005743,25.20261388,-101.2048053,25.56232612,-100.8066807,228,0.443007674,-1.762882779,
Mexico,Mexicali,MX,32.608469,-115.402583,32.42861288,-115.6161049,32.78832512,-115.1890611,229,0.569125148,-2.014155039,
Mexico,Reynosa,MX,26.02087,-98.260778,25.84101388,-98.46093402,26.20072612,-98.06062198,230,0.454149856,-1.714974102,
Mexico,Ensenada,MX,31.821861,-116.602323,31.64200488,-116.8140082,32.00171712,-116.3906378,231,0.555396249,-2.035094452,
Mexico,Tecate,MX,32.568181,-116.583191,32.38832488,-116.7966175,32.74803712,-116.3697645,232,0.56842199,-2.034760535,
Mexico,Silao,MX,20.927748,-101.429415,20.74789188,-101.6219994,21.10760412,-101.2368306,233,0.365258108,-1.77027725,
Morocco,Casablanca,MA,33.58925,-7.540147,33.40939388,-7.756074667,33.76910612,-7.324219333,234,0.586243006,-0.131600391,
Netherlands,Amsterdam,NL,52.32622,4.881739,52.14636388,4.587437939,52.50607612,5.176040061,235,0.913264824,0.085202419,
Netherlands,Rotterdam,NL,51.886816,4.516683,51.70695988,4.225273913,52.06667212,4.808092087,236,0.905595778,0.07883099,
Netherlands,The Hague,NL,52.03372,4.258381,51.85386388,3.966017838,52.21357612,4.550744162,237,0.908159736,0.074322769,
Netherlands,Utrecht,NL,52.086256,5.048653,51.90639988,4.755943654,52.26611212,5.341362346,238,0.909076662,0.088115618,
Netherlands,Tilburg,NL,51.577668,5.025041,51.39781188,4.735613545,51.75752412,5.314468455,239,0.900200127,0.08770351,
Netherlands,Breda,NL,51.616443,4.778875,51.43658688,4.489200477,51.79629912,5.068549523,240,0.900876879,0.083407103,
Netherlands,Eindhoven,NL,51.486229,5.477833,51.30637288,5.188986512,51.66608512,5.766679488,241,0.898604215,0.095606222,
Netherlands,s-Hertogenbosch,NL,51.711223,5.373182,51.53136688,5.082901777,51.89107912,5.663462223,242,0.902531102,0.093779717,
Netherlands,Maastricht,NL,50.895213,5.706127,50.71535688,5.420967279,51.07506912,5.991286721,243,0.88828904,0.099590704,
Netherlands,Vlissingen,NL,51.473918,3.596468,51.29406188,3.307699553,51.65377412,3.885236447,244,0.898389348,0.062770208,
New Zealand,Auckland,NZ,-36.892838,174.77202,-37.07269412,174.5471096,-36.71298188,174.9969304,245,-0.643901494,3.050347189,
New Zealand,Wellington,NZ,-41.330203,174.790083,-41.51005912,174.5505449,-41.15034688,175.0296211,246,-0.721348123,3.050662448,
Nicaragua,Managua,NI,12.127007,-86.192244,11.94715088,-86.37617488,12.30686312,-86.00831312,247,0.211656201,-1.504338447,
Nigeria,Lagos,NG,6.498469,3.34211,6.318612885,3.161115026,6.678325115,3.523104974,248,0.11341968,0.058330823,
Norway,Oslo,NO,59.958447,10.759827,59.77859088,10.40056316,60.13830312,11.11909084,249,1.046472315,0.187794408,
Norway,Stavanger,NO,58.925224,5.724894,58.74536788,5.376421757,59.10508012,6.073366243,250,1.028439171,0.09991825,
Oman,Muscat,OM,23.597902,58.453796,23.41804588,58.25756689,23.77775812,58.65002511,251,0.411861086,1.0202112,
Panama,Panama City,PA,9.060343,-79.42241,8.880486885,-79.6045894,9.240199115,-79.2402306,252,0.158132817,-1.386182554,
Paraguay,Asuncion,PY,-25.302594,-57.602588,-25.48245012,-57.80151426,-25.12273788,-57.40366174,253,-0.441613575,-1.005354818,
Peru,Lima,PE,-12.038083,-77.082472,-12.21793912,-77.26632771,-11.85822688,-76.89861629,254,-0.210104184,-1.345342932,
Philippines,Cebu,PH,10.351083,123.913647,10.17122688,123.7308227,10.53093912,124.0964713,255,0.180660479,2.162701128,
Philippines,Manila,PH,14.633458,120.967718,14.45360188,120.7818155,14.81331412,121.1536205,256,0.255402023,2.111284968,
Poland,Wroclaw,PL,51.069849,17.00202,50.88999288,16.7157898,51.24970512,17.2882502,257,0.891337014,0.296741228,
Poland,Poznan,PL,52.377608,16.98261,52.19775188,16.68796582,52.55746412,17.27725418,258,0.914161714,0.29640246,
Poland,Warsaw,PL,52.184832,21.021191,52.00497588,20.72782987,52.36468812,21.31455213,259,0.910797138,0.366888996,
Poland,Lodz,PL,51.754551,19.526011,51.57469488,19.23545304,51.93440712,19.81656896,260,0.903287318,0.340793182,
Poland,Krakow,PL,50.034765,19.997051,49.85490888,19.71701034,50.21462112,20.27709166,261,0.87327139,0.349014381,
Poland,Katowice,PL,50.227214,18.985104,50.04735788,18.70393442,50.40707012,19.26627358,262,0.876630258,0.331352574,
Poland,Szczecin,PL,53.447146,14.484316,53.26728988,14.18230363,53.62700212,14.78632837,263,0.932828673,0.252799004,
Poland,Gdansk,PL,54.338326,18.572477,54.15846988,18.26395617,54.51818212,18.88099783,264,0.948382699,0.324150874,
Poland,Rzeszow,PL,49.997342,22.018079,49.81748588,21.73825671,50.17719812,22.29790129,265,0.872618235,0.384287974,
Poland,Gliwice,PL,50.335104,18.641649,50.15524788,18.35984254,50.51496012,18.92345546,266,0.878513294,0.325358153,
Portugal,Lisbon,PT,38.760925,-9.109323,38.58106888,-9.340005421,38.94078112,-8.878640579,267,0.676505762,-0.158987679,
Portugal,Porto,PT,41.198669,-8.605277,41.01881288,-8.844329253,41.37852512,-8.366224748,268,0.719052421,-0.150190417,
Puerto Rico,San Juan,PR,18.448555,-66.062478,18.26869888,-66.2520766,18.62841112,-65.8728794,269,0.321988027,-1.153007753,
Qatar,Doha,QA,25.250499,51.501265,25.07064288,51.30242735,25.43035512,51.70010265,270,0.440704345,0.898866643,
Romania,Bucharest,RO,44.382077,26.117438,44.20222088,25.86577189,44.56193312,26.36910411,271,0.774613373,0.455835285,
Romania,Timisoara,RO,45.761649,21.270682,45.58179288,21.01285471,45.94150512,21.52850929,272,0.798691446,0.371243435,
Romania,Cluj-Napoca,RO,46.752174,23.565074,46.57231788,23.30253595,46.93203012,23.82761205,273,0.815979369,0.41128813,
Romania,Brasov,RO,45.620542,25.636755,45.44068588,25.37957798,45.80039812,25.89393202,274,0.796228664,0.447445784,
Russia,Krasnodar,RU,45.085394,39.003794,44.90553788,38.74905361,45.26525012,39.25853439,275,0.78688857,0.680744626,
Russia,Rostov-na-Donu,RU,47.233333,39.7,47.05347688,39.43508647,47.41318912,39.96491353,276,0.824377178,0.692895713,
Russia,Khabarovsk,RU,48.483333,135.083333,48.30347688,134.8119595,48.66318912,135.3547065,277,0.846193793,2.357648925,
Russia,Samara,RU,53.202778,50.140833,53.02292188,49.84054923,53.38263412,50.44111677,278,0.928563647,0.875122626,
Russia,Kaliningrad,RU,54.734237,20.518307,54.55438088,20.20678006,54.91409312,20.82983394,279,0.955292649,0.358112014,
Russia,Omsk,RU,54.983333,73.366667,54.80347688,73.05321849,55.16318912,73.68011551,280,0.959640195,1.2804899,
Russia,Novosibirsk,RU,55.0414,82.988621,54.86154388,82.67471706,55.22125612,83.30252494,281,0.960653655,1.448424678,
Russia,Chelyabinsk,RU,55.154722,61.375833,54.97486588,61.06103321,55.33457812,61.69063279,282,0.962631497,1.071210367,
Russia,Moscow,RU,55.711924,37.61855,55.53206788,37.2992699,55.89178012,37.9378301,283,0.972356506,0.656567557,
Russia,Kazan,RU,55.818497,49.141221,55.63864088,48.8210694,55.99835312,49.4613726,284,0.974216556,0.857676105,
Russia,Krasnoyarsk,RU,56.016667,93.066667,55.83681088,92.74488044,56.19652312,93.38845356,285,0.977675275,1.624319763,
Russia,Nizhny Novgorod,RU,56.263611,43.884241,56.08375488,43.56036983,56.44346712,44.20811217,286,0.981985261,0.765924495,
Russia,Yekaterinburg,RU,56.79907,60.627684,56.61921388,60.2991986,56.97892612,60.9561694,287,0.991330784,1.058152704,
Russia,Saint Petersburg,RU,59.931583,30.422329,59.75172688,30.06335445,60.11143912,30.78130355,288,1.046003449,0.530969807,
Saudi Arabia,Riyadh,SA,24.909704,46.605863,24.72984788,46.40759239,25.08956012,46.80413361,289,0.43475635,0.81342576,
Saudi Arabia,Dammam,SA,26.390042,50.026929,26.21018588,49.82613499,26.56989812,50.22772301,290,0.460593123,0.873134626,
Saudi Arabia,Yanbu-Madinah,SA,23.986294,38.204226,23.80643788,38.00739685,24.16615012,38.40105515,291,0.418639806,0.666789532,
Saudi Arabia,Jeddah,SA,21.319141,39.200338,21.13928488,39.0072442,21.49899712,39.3934318,292,0.372089204,0.684174966,
Saudi Arabia,Al Jubail,SA,26.983527,49.521153,26.80367088,49.31932477,27.16338312,49.72298123,293,0.47095139,0.864307169,
Serbia,Belgrade,RS,44.821578,20.404725,44.64172188,20.15115169,45.00143412,20.65829831,294,0.782284112,0.356129634,
Slovak Republic,Bratislava,SK,48.16816,17.162596,47.98830388,16.8928949,48.34801612,17.4322971,295,0.840692987,0.299543808,
Slovak Republic,Kosice,SK,48.676501,21.265662,48.49664488,20.99325322,48.85635712,21.53807078,296,0.849565211,0.37115582,
Slovak Republic,Ljubljana,SI,46.057046,14.570487,45.87718988,14.31128388,46.23690212,14.82969012,297,0.803847096,0.254302972,
South Africa,Cape Town,ZA,-33.943911,18.47387,-34.12376712,18.25704568,-33.76405488,18.69069432,298,-0.592433008,0.322429857,
South Africa,Johannesburg,ZA,-26.202734,27.997415,-26.38259012,27.7969452,-26.02287788,28.1978848,299,-0.457323981,0.488647074,
Spain,Madrid,ES,40.385745,-3.661264,40.20588888,-3.897408345,40.56560112,-3.425119655,300,0.704864221,-0.063901112,
Spain,Barcelona,ES,41.430149,2.177326,41.25029288,1.937417476,41.61000512,2.417234524,301,0.72309251,0.038001508,
Spain,Valencia,ES,39.501563,-0.394582,39.32170688,-0.627701042,39.68141912,-0.161462959,302,0.689432334,-0.006886755,
Spain,Sevilla,ES,37.344249,-5.977403,37.16439288,-6.203663248,37.52410512,-5.751142752,303,0.651780102,-0.104325363,
Spain,Bilbao,ES,43.24859,-2.909474,43.06873388,-3.156419972,43.42844612,-2.662528028,304,0.754830292,-0.050779901,
Spain,Pamplona,ES,42.78329,-1.621908,42.60343388,-1.866994355,42.96314612,-1.376821645,305,0.746709275,-0.028307635,
Sweden,Stockholm,SE,59.354034,17.995196,59.17417788,17.64233015,59.53389012,18.34806185,306,1.035923318,0.31407542,
Sweden,Gothenburg,SE,57.746677,11.918377,57.56682088,11.58131037,57.92653312,12.25544363,307,1.007869646,0.20801492,
Sweden,Malmo,SE,55.559695,12.996421,55.37983888,12.67837754,55.73955112,13.31446446,308,0.969699609,0.226830337,
Sweden,Malmo-Lund,SE,55.668502,13.143467,55.48864588,12.82454062,55.84835812,13.46239338,309,0.97159865,0.229396774,
Sweden,Jonkoping,SE,57.785183,14.228992,57.60532688,13.89156625,57.96503912,14.56641775,310,1.008541702,0.24834276,
Switzerland,Zurich,CH,47.404665,8.488951,47.22480888,8.223174963,47.58452112,8.754727037,311,0.827367485,0.148160145,
Switzerland,Geneva,CH,46.228258,6.128335,46.04840188,5.868318367,46.40811412,6.388351633,312,0.80683531,0.106959623,
Switzerland,Basle,CH,47.520034,7.593789,47.34017788,7.327429007,47.69989012,7.860148993,313,0.829381054,0.132536621,
Switzerland,Zug,CH,47.143138,8.509042,46.96328188,8.244580284,47.32299412,8.773503717,314,0.822802978,0.148510799,
Thailand,Bangkok,TH,13.739285,100.535002,13.55942888,100.3498242,13.91914112,100.7201798,315,0.23979576,1.754666798,
Tunisia,Tunis,TN,36.763252,10.193076,36.58339588,9.968545171,36.94310812,10.41760683,316,0.641639791,0.177902737,
Turkey,Istanbul,TR,41.050379,28.960557,40.87052288,28.72205009,41.23023512,29.19906392,317,0.716464273,0.505457073,
Turkey,Bursa,TR,40.194764,29.118444,40.01490788,28.8829687,40.37462012,29.3539193,318,0.701530974,0.508212721,
Turkey,Adana,TR,37.02061,35.288131,36.84075388,35.06284408,37.20046612,35.51341792,319,0.646131536,0.615894073,
Turkey,Izmir,TR,38.427935,27.199555,38.24807888,26.96993967,38.60779112,27.42917033,320,0.67069399,0.47472179,
Turkey,Ankara,TR,39.906373,32.90663,39.72651688,32.67215011,40.08622912,33.14110989,321,0.696497601,0.574329039,
Turkey,Kocaeli,TR,40.769321,29.928058,40.58946488,29.69055836,40.94917712,30.16555764,322,0.711558885,0.522343151,
Turkey,Gaziantep,TR,37.038457,37.332451,36.85860088,37.10711062,37.21831312,37.55779138,323,0.646443025,0.651574188,
Turkey,Kayseri,TR,38.752252,35.523412,38.57239588,35.2927575,38.93210812,35.7540665,324,0.67635439,0.620000501,
Turkey,Konya,TR,37.831546,32.509039,37.65168988,32.28129727,38.01140212,32.73678073,325,0.660285039,0.567389767,
Turkey,Manisa,TR,38.626109,27.373992,38.44625288,27.1437428,38.80596512,27.6042412,326,0.674152779,0.47776629,
Ukraine,Kiev,UA,50.41643,30.47534,50.23657388,30.19305156,50.59628612,30.75762844,327,0.879932701,0.531895024,
Ukraine,Odessa,UA,46.463268,30.662302,46.28341188,30.40116037,46.64312412,30.92344363,328,0.810937008,0.535158126,
United Arab Emirates,Dubai,AE,25.181058,55.230371,25.00120188,55.03165133,25.36091412,55.42909067,329,0.439492371,0.963951821,
United Arab Emirates,Abu Dhabi,AE,24.307943,54.647827,24.12808688,54.45049813,24.48779912,54.84515587,330,0.42425364,0.95378451,
United Kingdom,London,GB,51.549971,-0.150726,51.37011488,-0.439977233,51.72982712,0.138525233,331,0.899716723,-0.002630665,
United Kingdom,Bristol,GB,51.49896,-2.576596,51.31910388,-2.865523236,51.67881612,-2.287668764,332,0.898826413,-0.044970084,
United Kingdom,Edinburgh,GB,55.930701,-3.258115,55.75084488,-3.579189297,56.11055712,-2.937040703,333,0.976174885,-0.056864834,
United Kingdom,Liverpool,GB,53.375262,-2.940556,53.19540588,-3.24205782,53.55511812,-2.63905418,334,0.931574061,-0.051322384,
United Kingdom,Nottingham,GB,52.993913,-1.121596,52.81405688,-1.420418457,53.17376912,-0.822773543,335,0.924918265,-0.019575543,
United Kingdom,Bournemouth,GB,50.762642,-1.899911,50.58278588,-2.184269855,50.94249812,-1.615552145,336,0.88597524,-0.033159702,
United Kingdom,Manchester,GB,53.522249,-2.27169,53.34239288,-2.574237641,53.70210512,-1.969142359,337,0.934139468,-0.03964847,
United Kingdom,Sandwell,GB,52.484622,-2.044621,52.30476588,-2.339982283,52.66447812,-1.749259717,338,0.916029461,-0.035685368,
United Kingdom,Glasgow,GB,55.858048,-4.172451,55.67819188,-4.492927237,56.03790412,-3.851974763,339,0.974906851,-0.072823008,
United Kingdom,Birmingham,GB,52.468061,-1.822872,52.28820488,-2.118122079,52.64791712,-1.527621922,340,0.915740417,-0.031815118,
United Kingdom,Brighton and Hove,GB,50.867396,-0.135458,50.68753988,-0.420449304,51.04725212,0.149533304,341,0.887803542,-0.002364188,
United Kingdom,Leicester,GB,52.655905,-1.072833,52.47604888,-1.36934935,52.83576112,-0.77631665,342,0.919018913,-0.018724468,
United Kingdom,Belfast,GB,54.558838,-5.970593,54.37898188,-6.280780956,54.73869412,-5.660405044,343,0.952231359,-0.104206506,
United Kingdom,Cardiff,GB,51.523343,-3.154333,51.34348688,-3.443415014,51.70319912,-2.865250986,344,0.899251977,-0.055053497,
United Kingdom,Norwich,GB,52.645822,1.227514,52.46596588,0.931065897,52.82567812,1.523962104,345,0.918842931,0.021424161,
United Kingdom,Aberdeen,GB,57.152502,-2.177093,56.97264588,-2.508713531,57.33235812,-1.845472469,346,0.997499336,-0.037997441,
United Kingdom,Stockport,GB,53.368615,-2.184255,53.18875888,-2.485709697,53.54847112,-1.882800303,347,0.931458049,-0.038122441,
United Kingdom,Sheffield,GB,53.425426,-1.483549,53.24556988,-1.785406926,53.60528212,-1.181691074,348,0.932449588,-0.025892815,
United Kingdom,Newcastle,GB,55.020095,-1.646486,54.84023888,-1.960222081,55.19995112,-1.332749919,349,0.960281813,-0.028736602,
United Kingdom,Plymouth,GB,50.411885,-4.101208,50.23202888,-4.383469457,50.59174112,-3.818946544,350,0.879853375,-0.071579583,
United Kingdom,Bradford,GB,53.758578,-1.801442,53.57872188,-2.10568643,53.93843412,-1.49719757,351,0.938264187,-0.031441094,
United Kingdom,Coventry,GB,52.451727,-1.519434,52.27187088,-1.814574481,52.63158312,-1.224293519,352,0.915455335,-0.026519126,
United Kingdom,Southampton,GB,50.903558,-1.333837,50.72370188,-1.619047284,51.08341412,-1.048626716,353,0.888434688,-0.023279847,
United Kingdom,Northampton,GB,52.254933,-0.838068,52.07507688,-1.1318944,52.43478912,-0.544241601,354,0.912020631,-0.014627046,
United Kingdom,Sunderland,GB,54.873044,-1.435464,54.69318788,-1.748058802,55.05290012,-1.122869198,355,0.957715288,-0.025053573,
United Kingdom,Walsall,GB,52.627284,-2.013021,52.44742788,-2.309343712,52.80714012,-1.716698288,356,0.918519382,-0.035133844,
United Kingdom,Kingston Upon Hull,GB,53.790442,-0.336136,53.61058588,-0.640610664,53.97029812,-0.031661336,357,0.938820319,-0.00586668,
United Kingdom,South Wales Valleys,GB,51.489484,-3.250088,51.30962788,-3.538955129,51.66934012,-2.961220871,358,0.898661026,-0.056724737,
United Kingdom,Leeds,GB,53.765809,-1.563447,53.58595288,-1.867743648,53.94566512,-1.259150353,359,0.938390392,-0.027287298,
United Kingdom,Luton,GB,51.921202,-0.443052,51.74134588,-0.734683178,52.10105812,-0.151420822,360,0.906195926,-0.007732716,
United Kingdom,Derby,GB,52.880017,-1.450243,52.70016088,-1.748284389,53.05987312,-1.152201611,361,0.922930405,-0.025311515,
United Kingdom,Middlesbrough,GB,54.530474,-1.253574,54.35061788,-1.563546508,54.71033012,-0.943601492,362,0.951736314,-0.021878994,
United Kingdom,Portsmouth,GB,50.846796,-1.031454,50.66693988,-1.31632071,51.02665212,-0.74658729,363,0.887444004,-0.018002268,
United Kingdom,Dudley,GB,52.504631,-2.028214,52.32477488,-2.323709751,52.68448712,-1.732718249,364,0.916378683,-0.035399012,
United Kingdom,Reading,GB,51.4756,-1.041866,51.29574388,-1.330645107,51.65545612,-0.753086893,365,0.898418704,-0.018183992,
United Kingdom,Peterborough,GB,52.612099,-0.264215,52.43224288,-0.56043508,52.79195512,0.03200508,366,0.918254354,-0.004611422,
United Kingdom,Slough,GB,51.487704,-0.532768,51.30784788,-0.821623841,51.66756012,-0.243912159,367,0.898629959,-0.009298556,
United Kingdom,Wolverhampton,GB,52.556332,-2.174526,52.37647588,-2.470369771,52.73618812,-1.87868223,368,0.917281036,-0.037952638,
United Kingdom,Milton Keynes,GB,52.005358,-0.784008,51.82550188,-1.076184612,52.18521412,-0.491831388,369,0.907664726,-0.013683521,
United Kingdom,Cambridge,GB,52.249197,0.10729,52.06934088,-0.186498273,52.42905312,0.401078273,370,0.911920519,0.001872564,
United Kingdom,Preston,GB,53.766047,-2.773471,53.58619088,-3.077769367,53.94590312,-2.469172634,371,0.938394546,-0.048406201,
United Kingdom,Gloucester,GB,51.822332,-2.264471,51.64247588,-2.555464509,52.00218812,-1.973477491,372,0.904470319,-0.039522475,
United Kingdom,York,GB,53.934954,-1.139418,53.75509788,-1.444941226,54.11481012,-0.833894775,373,0.941342529,-0.019886596,
United Kingdom,Swansea,GB,51.622111,-4.016101,51.44225488,-4.305811674,51.80196712,-3.726390326,374,0.900975804,-0.070094186,
United Kingdom,Newport,GB,51.597668,-2.92877,51.41781188,-3.218324839,51.77752412,-2.639215161,375,0.900549193,-0.05111668,
United Kingdom,Rotherham,GB,53.42225,-1.290333,53.24239388,-1.592168355,53.60210612,-0.988497645,376,0.932394156,-0.022520559,
United Kingdom,Lowestoft,GB,52.45064,1.699199,52.27078388,1.40406581,52.63049612,1.99433219,377,0.915436363,0.029656617,
United Kingdom,Kirklees,GB,53.600997,-1.793886,53.42114088,-2.096996927,53.78085312,-1.490775073,378,0.93551388,-0.031309217,
United Kingdom,Halifax,GB,53.714165,-1.930419,53.53430888,-2.234343104,53.89402112,-1.626494896,379,0.937489034,-0.033692167,
United Kingdom,Lincoln,GB,53.19088,-0.575595,53.01102388,-0.875795111,53.37073612,-0.275394889,380,0.928355988,-0.010046028,
United Kingdom,Gateshead,GB,54.919105,-1.595817,54.73924888,-1.908767776,55.09896112,-1.282866224,381,0.958519204,-0.027852261,
United Kingdom,Exeter,GB,50.73659,-3.482763,50.55673388,-3.766965003,50.91644612,-3.198560997,382,0.885520547,-0.060785681,
United Kingdom,Hemel Hempstead,GB,51.763146,-0.504517,51.58328988,-0.795130118,51.94300212,-0.213903883,383,0.903437329,-0.008805483,
United Kingdom,Doncaster,GB,53.556388,-1.078354,53.37653188,-1.381145581,53.73624412,-0.775562419,384,0.934735306,-0.018820828,
United Kingdom,Warrington,GB,53.419912,-2.592335,53.24005588,-2.894153742,53.59976812,-2.290516258,385,0.932353351,-0.045244781,
United Kingdom,Wakefield,GB,53.638662,-1.515696,53.45880588,-1.819077088,53.81851812,-1.212314912,386,0.936171258,-0.026453886,
United Kingdom,Ipswich,GB,52.028923,1.185317,51.84906688,0.892985407,52.20877912,1.477648593,387,0.908076013,0.020687684,
United Kingdom,Grimsby,GB,53.544131,-0.016104,53.36427488,-0.318807953,53.72398712,0.286599953,388,0.934521381,-0.000281068,
United Kingdom,Stoke,GB,52.993471,-2.20733,52.81361488,-2.506149418,53.17332712,-1.908510582,389,0.924910551,-0.038525176,
United Kingdom,St Albans,GB,51.751619,-0.281804,51.57176288,-0.572343149,51.93147512,0.008735149,390,0.903236145,-0.004918408,
United Kingdom,Hartlepool,GB,54.649901,-1.241472,54.47004488,-1.552353684,54.82975712,-0.930590316,391,0.953820708,-0.021667774,
United Kingdom,Scottish Central Belt,GB,55.898427,-3.602225,55.71857088,-3.923033351,56.07828312,-3.281416649,392,0.975611598,-0.062870687,
United Kingdom,Bath,GB,51.40496,-2.402423,51.22510388,-2.690755091,51.58481612,-2.114090909,393,0.897185804,-0.041930191,
United Kingdom,Flintshire,GB,53.2037,-3.144751,53.02384388,-3.445041255,53.38355612,-2.844460745,394,0.928579739,-0.054886259,
United Kingdom,Wigan,GB,53.547875,-2.690111,53.36801888,-2.992841714,53.72773112,-2.387380286,395,0.934586726,-0.046951294,
United Kingdom,Fife,GB,56.183281,-3.161335,56.00342488,-3.484525094,56.36313712,-2.838144906,396,0.980583238,-0.055175705,
United Kingdom,Wrexham,GB,53.07077,-2.9856,52.89091388,-3.284958181,53.25062612,-2.686241819,397,0.926259673,-0.05210855,
United Kingdom,Colchester,GB,51.879708,0.832336,51.69985188,0.54097278,52.05956412,1.12369922,398,0.90547172,0.014527004,
United Kingdom,Dundee,GB,56.468739,-3.051199,56.28888288,-3.376822424,56.64859512,-2.725575576,399,0.98556542,-0.053253469,
United Kingdom,Oxford,GB,51.791165,-1.271961,51.61130888,-1.562754073,51.97102112,-0.981167927,400,0.903926353,-0.022199907,
United Kingdom,Worcester,GB,52.224304,-2.233219,52.04444788,-2.526841928,52.40416012,-1.939596072,401,0.911486054,-0.038977024,
United Kingdom,Edinburgh Science Triangle,GB,55.921411,-3.447003,55.74155488,-3.7680007,56.10126712,-3.1260053,402,0.976012744,-0.060161552,
United Kingdom,Chelmsford,GB,51.755277,0.443748,51.57542088,0.153185382,51.93513312,0.734310618,403,0.903299989,0.007744864,
United Kingdom,Salisbury,GB,51.087077,-1.831421,50.90722088,-2.117758508,51.26693312,-1.545083492,404,0.891637699,-0.031964326,
United Kingdom,Londonderry,GB,55.041152,-7.306745,54.86129588,-7.62064698,55.22100812,-6.99284302,405,0.960649326,-0.127526758,
United Kingdom,Great Yarmouth,GB,52.556225,1.722388,52.37636888,1.426544951,52.73608112,2.018231049,406,0.917279169,0.030061342,
United Kingdom,Winchester,GB,51.081345,-1.337823,50.90148888,-1.624124795,51.26120112,-1.051521205,407,0.891537657,-0.023349416,
United Kingdom,Chester,GB,53.167546,-2.915786,52.98768988,-3.215822177,53.34740212,-2.615749823,408,0.927948733,-0.050890066,
United Kingdom,Carlisle,GB,54.927288,-2.949509,54.74743188,-3.262523101,55.10714412,-2.636494899,409,0.958662025,-0.051478643,
United Kingdom,Inverness,GB,57.451114,-4.233213,57.27125788,-4.567548375,57.63097012,-3.898877625,410,1.002711098,-0.073883505,
United Kingdom,Lancaster,GB,54.023018,-2.78809,53.84316188,-3.094257914,54.20287412,-2.481922086,411,0.942879536,-0.04866135,
United Kingdom,Bridgend,GB,51.509506,-3.609614,51.32964988,-3.898608159,51.68936212,-3.320619841,412,0.899010476,-0.062999649,
United Kingdom,Durham,GB,54.779111,-1.545801,54.59925488,-1.857672362,54.95896712,-1.233929638,413,0.956075848,-0.026979317,
United Kingdom,Shrewsbury,GB,52.712207,-2.810275,52.53235088,-3.107173004,52.89206312,-2.513376996,414,0.920001568,-0.049048552,
United Kingdom,Bracknell,GB,51.417437,-0.783605,51.23758088,-1.072015946,51.59729312,-0.495194055,415,0.897403569,-0.013676487,
United Kingdom,Mid Wales,GB,52.485442,-3.372525,52.30558588,-3.667891791,52.66529812,-3.077158209,416,0.916043772,-0.058861665,
United Kingdom,Chichester,GB,50.820967,-0.78746,50.64111088,-1.072170643,51.00082312,-0.502749357,417,0.886993203,-0.01374377,
United Kingdom,Lichfield,GB,52.699646,-1.823218,52.51978988,-2.120030772,52.87950212,-1.526405228,418,0.919782337,-0.031821157,
United Kingdom,Harwich,GB,51.922699,1.227659,51.74284288,0.936018145,52.10255512,1.519299855,419,0.906222054,0.021426692,
United Kingdom,Bangor,GB,53.215223,-4.147937,53.03536688,-4.448308325,53.39507912,-3.847565676,420,0.928780854,-0.072395158,
United Kingdom,Newry,GB,54.146442,-6.31114,53.96658588,-6.61822465,54.32629812,-6.00405535,421,0.945033691,-0.110150173,
United Kingdom,Sheerness,GB,51.431252,0.755469,51.25139588,0.466970693,51.61110812,1.043967307,422,0.897644686,0.013185421,
United Kingdom,Immingham,GB,53.618958,-0.203243,53.43910188,-0.506482697,53.79881412,0.099996697,423,0.935827359,-0.00354726,
United States,New York City (NY),US,40.686882,-73.957825,40.50702588,-74.19503204,40.86673812,-73.72061796,424,0.710120053,-1.290807554,
United States,Los Angeles (CA),US,34.031595,-118.292201,33.85173888,-118.5092489,34.21145112,-118.0751531,425,0.593963382,-2.064588387,
United States,San Jose (CA),US,37.312384,-121.839799,37.13252788,-122.065963,37.49224012,-121.613635,426,0.651223953,-2.126505653,
United States,Boston (MA),US,42.317062,-71.076615,42.13720588,-71.31988065,42.49691812,-70.83334935,427,0.738572062,-1.240520953,
United States,Philadelphia (PA),US,39.997409,-75.165534,39.81755288,-75.40032212,40.17726512,-74.93074588,428,0.698086479,-1.311886052,
United States,Chicago (IL),US,41.83804,-87.657007,41.65818388,-87.89843938,42.01789612,-87.41557462,429,0.730211551,-1.529903385,
United States,Miami (FL),US,25.777999,-80.238356,25.59814288,-80.4380945,25.95785512,-80.0386175,430,0.449910957,-1.400423499,
United States,San Francisco (CA),US,37.745209,-122.461873,37.56535288,-122.6893508,37.92506512,-122.2343952,431,0.658778174,-2.137362892,
United States,Raleigh-Durham (NC),US,35.877093,-78.839101,35.69723688,-79.06107933,36.05694912,-78.61712267,432,0.626173399,-1.376001892,
United States,Washington D.C.,US,38.936254,-76.992972,38.75639788,-77.22422027,39.11611012,-76.76172373,433,0.679565831,-1.343780862,
United States,San Diego (CA),US,32.752217,-117.130047,32.57236088,-117.3439103,32.93207312,-116.9161837,434,0.571634024,-2.044304973,
United States,Portland (OR),US,45.522896,-122.61243,45.34303988,-122.8691589,45.70275212,-122.3557011,435,0.79452442,-2.139990607,
United States,Baltimore (MD),US,39.334532,-76.601526,39.15467588,-76.83408813,39.51438812,-76.36896387,436,0.686517093,-1.336948841,
United States,Buffalo (NY),US,42.920166,-78.837849,42.74030988,-79.08347507,43.10002212,-78.59222293,437,0.749098212,-1.37598004,
United States,Denver (CO),US,39.727425,-104.933807,39.54756888,-105.1676834,39.90728112,-104.6999306,438,0.69337437,-1.831440429,
United States,Phoenix (AZ),US,33.491481,-112.05959,33.31162488,-112.2752718,33.67133712,-111.8439082,439,0.584536615,-1.955808804,
United States,Atlanta (GA),US,33.723336,-84.432431,33.54347988,-84.64869679,33.90319212,-84.21616521,440,0.588583248,-1.473623916,
United States,Las Vegas (NV),US,36.163839,-115.195085,35.98398288,-115.4178767,36.34369512,-114.9722933,441,0.631178061,-2.010533515,
United States,Tucson (AZ),US,32.230792,-110.876775,32.05093588,-111.0894053,32.41064812,-110.6641447,442,0.562533441,-1.935164788,
United States,Minneapolis-St.Paul (MN),US,44.935226,-93.243532,44.75536988,-93.4976032,45.11508212,-92.9894608,443,0.784267644,-1.62740664,
United States,Orlando (FL),US,28.520986,-81.332209,28.34112988,-81.53692676,28.70084212,-81.12749124,444,0.497785112,-1.419514835,
United States,Milwaukee (WI),US,43.06243,-87.958802,42.88257388,-88.20499533,43.24228612,-87.71260867,445,0.751581187,-1.535170701,
United States,Minneapolis (MN),US,44.934984,-93.244797,44.75512788,-93.49886713,45.11484012,-92.99072687,446,0.78426342,-1.627428718,
United States,Miami-Fort Lauderdale (FL),US,26.098265,-80.180072,25.91840888,-80.38036143,26.27812112,-79.97978257,447,0.455500653,-1.399406251,
United States,Seattle (WA),US,47.564787,-122.359081,47.38493088,-122.6256682,47.74464312,-122.0924938,448,0.830162141,-2.135568833,
United States,Albuquerque (NM),US,35.097009,-106.552919,34.91715288,-106.7727466,35.27686512,-106.3330914,449,0.612558365,-1.859699264,
United States,Houston (TX),US,29.744133,-95.321778,29.56427688,-95.52893942,29.92398912,-95.11461658,450,0.519133054,-1.663678875,
United States,Salt Lake City (UT),US,40.73779,-111.942215,40.55793388,-112.1796026,40.91764612,-111.7048274,451,0.711008565,-1.953760224,
United States,Cleveland (OH),US,41.474825,-81.644401,41.29496888,-81.88447549,41.65468112,-81.40432651,452,0.723872253,-1.424963613,
United States,Tampa (FL),US,27.983378,-82.425213,27.80352188,-82.62888944,28.16323412,-82.22153656,453,0.488402082,-1.438591354,
United States,Indianapolis (IN),US,39.795263,-86.11188,39.61540688,-86.34598479,39.97511912,-85.87777521,454,0.694558366,-1.502935831,
United States,Columbus (OH),US,39.927491,-82.961249,39.74763488,-83.19580032,40.10734712,-82.72669768,455,0.69686618,-1.447946947,
United States,Spokane (WA),US,47.683996,-117.371384,47.50413988,-117.6385783,47.86385212,-117.1041897,456,0.832242731,-2.048517098,
United States,San Antonio (TX),US,29.430619,-98.544188,29.25076288,-98.75071228,29.61047512,-98.33766372,457,0.513661202,-1.719920539,
United States,Austin (TX),US,30.307315,-97.719773,30.12745888,-97.92811554,30.48717112,-97.51143046,458,0.528962434,-1.705531783,
United States,Pittsburgh (PA),US,40.450152,-79.938346,40.27029588,-80.17471683,40.63000812,-79.70197517,459,0.705988335,-1.395187336,
United States,Boise (ID),US,43.593563,-116.266009,43.41370688,-116.5143619,43.77341912,-116.0176561,460,0.760851207,-2.029224665,
United States,St. Louis (MO),US,38.648496,-90.248871,38.46863988,-90.47919203,38.82835212,-90.01854997,461,0.674543506,-1.575139945,
United States,Louisville (KY),US,38.211866,-85.783155,38.03200988,-86.01208318,38.39172212,-85.55422682,462,0.666922875,-1.497198497,
United States,Norfolk (VA),US,36.874066,-76.237992,36.69420988,-76.46284732,37.05392212,-76.01313668,463,0.64357386,-1.330603976,
United States,Evansville (IN),US,37.98978,-87.518961,37.80992388,-87.74718798,38.16963612,-87.29073402,464,0.663046743,-1.527494027,
United States,Detroit (MI),US,42.356337,-83.09643,42.17648088,-83.33984798,42.53619312,-82.85301202,465,0.73925754,-1.4503063,
United States,McAllen (TX),US,26.246955,-98.241816,26.06709888,-98.44236225,26.42681112,-98.04126975,466,0.458095783,-1.714643152,
United States,New Orleans (LA),US,29.986382,-90.039402,29.80652588,-90.24705842,30.16623812,-89.83174558,467,0.523361097,-1.571484021,
United States,Cincinnati (OH),US,39.147199,-84.523091,38.96734288,-84.75503168,39.32705512,-84.29115032,468,0.683247515,-1.475206232,
United States,Oklahoma City (OK),US,35.480444,-97.571218,35.30058788,-97.79209752,35.66030012,-97.35033848,469,0.619250568,-1.702939009,
United States,Tulsa (OK),US,36.147368,-95.938958,35.96751188,-96.1617023,36.32722412,-95.7162137,470,0.630890588,-1.674450698,
United States,Dallas (TX),US,32.732027,-96.809103,32.55217088,-97.02291826,32.91188312,-96.59528774,471,0.571281642,-1.689637593,
United States,Wichita (KS),US,37.706204,-97.279302,37.52634788,-97.50666082,37.88606012,-97.05194318,472,0.658097408,-1.697844114,
United States,New Haven (CT),US,41.33151,-72.97901,41.15165388,-73.2185529,41.51136612,-72.7394671,473,0.721370934,-1.273724009,
United States,Reno (NV),US,39.485067,-119.805004,39.30521088,-120.0380679,39.66492312,-119.5719401,474,0.689144425,-2.09099178,
United States,Toledo (OH),US,41.697573,-83.597112,41.51771688,-83.83801743,41.87742912,-83.35620657,475,0.727759939,-1.45904485,
United States,Lubbock (TX),US,33.550693,-101.899001,33.37083688,-102.1148316,33.73054912,-101.6831704,476,0.585570059,-1.778473072,
United States,Charlotte (NC),US,35.186563,-80.867097,35.00670688,-81.0871694,35.36641912,-80.6470246,477,0.614121377,-1.411397099,
United States,Raleigh (NC),US,35.812028,-78.676647,35.63217188,-78.89844434,35.99188412,-78.45484966,478,0.6250378,-1.373166535,
United States,Columbus (GA),US,32.500031,-84.96249,32.32017488,-85.17575516,32.67988712,-84.74922484,479,0.567232548,-1.482875191,
United States,Rockville (MD),US,39.078002,-77.109228,38.89814588,-77.34093997,39.25785812,-76.87751603,480,0.6820398,-1.345809912,
United States,Roanoke (VA),US,37.302655,-79.981445,37.12279888,-80.20757969,37.48251112,-79.75531031,481,0.651054149,-1.395939556,
United States,Tallahassee (FL),US,30.473532,-84.249355,30.29367588,-84.45805529,30.65338812,-84.04065471,482,0.531863468,-1.470428637,
United States,White Plains (NY),US,40.992779,-73.739325,40.81292288,-73.97762138,41.17263512,-73.50102862,483,0.715458963,-1.286994009,
United States,Omaha (NE),US,41.215349,-95.963746,41.03549288,-96.20285975,41.39520512,-95.72463225,484,0.719343542,-1.67488333,
United States,Birmingham (AL),US,33.528931,-86.855296,33.34907488,-87.07107191,33.70878712,-86.63952009,485,0.585190241,-1.515910888,
United States,Richmond (VA),US,37.558536,-77.488101,37.37867988,-77.71501034,37.73839212,-77.26119166,486,0.655520115,-1.352422494,
United States,Springfield (MO),US,37.231141,-93.243604,37.05128488,-93.46952313,37.41099712,-93.01768487,487,0.649805995,-1.627407896,
United States,El Paso (TX),US,31.754105,-106.396493,31.57424888,-106.608025,31.93396112,-106.184961,488,0.554213683,-1.856969115,
United States,Corpus Christi (TX),US,27.756907,-97.409544,27.57705088,-97.61279854,27.93676312,-97.20628946,489,0.484449417,-1.700117266,
United States,Lexington (KY),US,38.05672,-84.450815,37.87686388,-84.67925232,38.23657612,-84.22237768,490,0.664215067,-1.473944778,
United States,Kansas City (MO),US,39.096863,-94.521055,38.91700688,-94.75282926,39.27671912,-94.28928074,491,0.682368987,-1.649703622,
United States,Ft. Wayne (IN),US,41.100024,-85.086629,40.92016788,-85.32531821,41.27988012,-84.84793979,492,0.717330741,-1.485041825,
United States,Madison (WI),US,43.043774,-89.447821,42.86391788,-89.69393916,43.22363012,-89.20170284,493,0.751255579,-1.561158985,
United States,Des Moines (IA),US,41.557733,-93.592148,41.37787688,-93.8325311,41.73758912,-93.3517649,494,0.725319271,-1.633491137,
United States,Nashville (TN),US,36.148281,-86.834254,35.96842488,-87.05700093,36.32813712,-86.61150707,495,0.630906522,-1.515543636,
United States,Grand Rapids (MI),US,43.004827,-85.644843,42.82497088,-85.89080438,43.18468312,-85.39888162,496,0.750575825,-1.494784498,
United States,Brownsville (TX),US,25.945225,-97.5099,25.76536888,-97.70992579,26.12508112,-97.30987421,497,0.452829601,-1.701868808,
United States,Jacksonville (FL),US,30.358002,-81.698432,30.17814588,-81.9068835,30.53785812,-81.4899805,498,0.529847089,-1.425906632,
United States,Memphis (TN),US,35.113647,-90.015654,34.93379088,-90.23552705,35.29350312,-89.79578095,499,0.612848753,-1.571069541,
United States,Shreveport (LA),US,32.481156,-93.762883,32.30129988,-93.97610353,32.66101212,-93.54966247,500,0.566903117,-1.636471025,
United States,Murray Hill (NJ),US,40.66365,-74.44369,40.48379388,-74.68081472,40.84350612,-74.20656528,501,0.709714578,-1.299287498,
United States,Greensboro (NC),US,36.098305,-79.837677,35.91844888,-80.0602802,36.27816112,-79.6150738,502,0.630034277,-1.393430331,
United States,Canton (OH),US,40.843775,-81.378581,40.66391888,-81.61634551,41.02363112,-81.14081649,503,0.712858353,-1.420324179,
United States,Lynchburg (VA),US,37.383375,-79.18405,37.20351888,-79.41042849,37.56323112,-78.95767151,504,0.652462979,-1.382022388,
United States,Lawton (OK),US,34.620249,-98.446706,34.44039288,-98.66527585,34.80010512,-98.22813615,505,0.604237333,-1.718219157,
United States,South Bend (IN),US,41.698506,-86.304416,41.51864988,-86.54532492,41.87836212,-86.06350708,506,0.727776223,-1.506296218,
United States,Knoxville (TN),US,35.979742,-83.971079,35.79988588,-84.19334347,36.15959812,-83.74881453,507,0.627964962,-1.465571805,
United States,Abilene (TX),US,32.43327,-99.783515,32.25341388,-99.99662238,32.61312612,-99.57040762,508,0.566067349,-1.741550876,
United States,Wilmington (DE),US,39.757324,-75.587762,39.57746788,-75.82173899,39.93718012,-75.35378501,509,0.693896206,-1.319255321,
United States,Little Rock (AR),US,34.723096,-92.336697,34.54323988,-92.55553495,34.90295212,-92.11785905,510,0.606032352,-1.611579383,
United States,Columbia (SC),US,34.030568,-80.994373,33.85071188,-81.21141826,34.21042412,-80.77732774,511,0.593945458,-1.413618484,
United States,Charleston (SC),US,32.780797,-79.984646,32.60094088,-80.19857727,32.96065312,-79.77071473,512,0.572132839,-1.395995424,
United States,Laredo (TX),US,27.574939,-99.487688,27.39508288,-99.69060482,27.75479512,-99.28477118,513,0.481273477,-1.736387721,
United States,Fairfax (VA),US,38.86264,-77.272067,38.68278388,-77.50307736,39.04249612,-77.04105664,514,0.678281024,-1.348651989,
United States,Montgomery (AL),US,32.332956,-86.265086,32.15309988,-86.47795675,32.51281212,-86.05221525,515,0.564316539,-1.50560978,
United States,Savannah (GA),US,32.03942,-81.112667,31.85956388,-81.32484832,32.21927612,-80.90048568,516,0.559193369,-1.415683104,
United States,Elkhart (IN),US,41.707813,-85.927482,41.52795688,-86.16842576,41.88766912,-85.68653824,517,0.727938661,-1.499717479,
United States,Greenville (SC),US,34.820657,-82.355498,34.64080088,-82.57459088,35.00051312,-82.13640512,518,0.607735112,-1.437374597,
United States,Tuscaloosa (AL),US,33.186872,-87.531081,33.00701588,-87.74600032,33.36672812,-87.31616168,519,0.579220185,-1.527705561,
United States,Huntington (WV),US,38.406912,-82.390029,38.22705588,-82.61957729,38.58676812,-82.16048071,520,0.67032707,-1.437977277,
United States,Harlingen (TX),US,26.226142,-97.665772,26.04628588,-97.86628226,26.40599812,-97.46526174,521,0.457732528,-1.704589288,
United States,Mobile (AL),US,30.681883,-88.089768,30.50202688,-88.29891847,30.86173912,-87.88061753,522,0.535499879,-1.537456489,
United States,Columbia (MO),US,38.907614,-92.346432,38.72775788,-92.57758765,39.08747012,-92.11527635,523,0.679065968,-1.611749291,
United States,Kingsport (TN),US,36.532537,-82.509419,36.35268088,-82.73327724,36.71239312,-82.28556076,524,0.637613055,-1.440061025,
United States,Baton Rouge (LA),US,30.503178,-91.145755,30.32332188,-91.35451923,30.68303412,-90.93699077,525,0.532380888,-1.590793524,
United States,Flint (MI),US,43.056455,-83.699774,42.87659888,-83.94594325,43.23631112,-83.45360475,526,0.751476904,-1.460836639,
United States,Gainesville (FL),US,29.690603,-82.350605,29.51074688,-82.55765735,29.87045912,-82.14355265,527,0.518198779,-1.437289198,
United States,Zanesville (OH),US,39.984603,-82.022998,39.80474688,-82.25774271,40.16445912,-81.78825329,528,0.697862972,-1.431571377,
United States,San Angelo (TX),US,31.437876,-100.480384,31.25801988,-100.6912038,31.61773212,-100.2695642,529,0.548694446,-1.753713534,
United States,Lima (OH),US,40.726503,-84.160546,40.54664688,-84.39789358,40.90635912,-83.92319842,530,0.71081157,-1.468878628,
United States,Auburn (AL),US,32.567002,-85.497198,32.38714588,-85.71062167,32.74685812,-85.28377433,531,0.568401412,-1.492207606,
United States,Huntsville (AL),US,34.693529,-86.617427,34.51367288,-86.83618781,34.87338512,-86.39866619,532,0.60551631,-1.511759291,
United States,Ashland (KY),US,38.442107,-82.671918,38.26225088,-82.90157854,38.62196312,-82.44225746,533,0.670941339,-1.442897168,
United States,Spartanburg (SC),US,34.957349,-81.878121,34.77749288,-82.09757207,35.13720512,-81.65866993,534,0.610120838,-1.429042797,
United States,Dayton (OH),US,39.736003,-84.24212,39.55614688,-84.47602523,39.91585912,-84.00821477,535,0.693524084,-1.470302363,
United States,Owensboro (KY),US,37.734342,-87.142593,37.55448588,-87.37003766,37.91419812,-86.91514834,536,0.658588509,-1.520925167,
United States,Pocatello (ID),US,42.904085,-112.487429,42.72422888,-112.7329915,43.08394112,-112.2418665,537,0.748817546,-1.963276003,
United States,Jackson (MS),US,32.318622,-90.232632,32.13876588,-90.44546898,32.49847812,-90.01979502,538,0.564066364,-1.574856521,
United States,Marion (IN),US,40.513865,-85.667705,40.33400888,-85.90430031,40.69372112,-85.43110969,539,0.707100337,-1.495183515,
United States,Florence-Muscle Shoals (AL),US,34.789763,-87.670107,34.60990688,-87.88911909,34.96961912,-87.45109491,540,0.60719591,-1.530132023,
United States,Chattanooga (TN),US,35.056151,-85.256475,34.87629488,-85.47619112,35.23600712,-85.03675888,541,0.611845258,-1.488006197,
United States,Hattiesburg (MS),US,31.304136,-89.335803,31.12427988,-89.54632306,31.48399212,-89.12528294,542,0.546360243,-1.559203902,
United States,Muncie (IN),US,40.231585,-85.417345,40.05172888,-85.652949,40.41144112,-85.181741,543,0.702173622,-1.490813909,
United States,Fayetteville (AR),US,36.105219,-94.139536,35.92536288,-94.36215908,36.28507512,-93.91691292,544,0.630154949,-1.643044859,
United States,Cheyenne (WY),US,41.169065,-104.775036,40.98920888,-105.0139792,41.34892112,-104.5360928,545,0.718535734,-1.828669352,
United States,Chillicothe (OH),US,39.347323,-83.035467,39.16746688,-83.26807168,39.52717912,-82.80286232,546,0.686740338,-1.449242295,
United States,Charleston (WV),US,38.375333,-81.67974,38.19547688,-81.90918766,38.55518912,-81.45029234,547,0.669775912,-1.425580395,
United States,Casper (WY),US,42.826507,-106.341002,42.64665088,-106.5862585,43.00636312,-106.0957455,548,0.747463554,-1.856000615,
United States,Beckley (WV),US,37.813442,-81.204436,37.63358588,-81.43212234,37.99329812,-80.97674966,549,0.659969064,-1.417284775,
United States,Bowling Green (KY),US,36.992722,-86.433269,36.81286588,-86.65847281,37.17257812,-86.20806519,550,0.645644798,-1.508545127,
United States,Findlay (OH),US,41.063997,-83.596616,40.88414088,-83.83517289,41.24385312,-83.35805911,551,0.716701952,-1.459036193,
United States,Augusta (GA),US,33.428479,-82.012072,33.24862288,-82.22759565,33.60833512,-81.79654835,552,0.583437022,-1.431380683,
United States,Three Rivers (MI),US,41.944083,-85.633024,41.76422688,-85.87485573,42.12393912,-85.39119227,553,0.73206235,-1.494578217,
United States,Texarkana (AR),US,33.442214,-94.038976,33.26235788,-94.2545341,33.62207012,-93.8234179,554,0.583676743,-1.641289756,
United States,Bartlesville (OK),US,36.733003,-95.927888,36.55314688,-96.15233042,36.91285912,-95.70344558,555,0.641111846,-1.67425749,
United States,Portsmouth (OH),US,38.763587,-82.974526,38.58373088,-83.20521699,38.94344312,-82.74383501,556,0.676552223,-1.448178674,
United States,Northern New Jersey (NJ),US,41.043504,-74.151545,40.87,-74.39002669,41.22336012,-73.91306331,557,0.716344281,-1.294188606,
United States,Rock Springs (WY),US,41.596689,-109.261537,41.41683288,-109.5020654,41.77654512,-109.0210086,558,0.725999181,-1.906973566,
United States,Gulfport (MS),US,30.387794,-89.046615,30.20793788,-89.2551306,30.56765012,-88.8380994,559,0.530367058,-1.55415662,
United States,West Memphis (AR),US,35.160676,-90.132324,34.98081988,-90.35232558,35.34053212,-89.91232242,560,0.613669563,-1.573105816,
United States,Tupelo (MS),US,34.267263,-88.756817,34.08740688,-88.97447166,34.44711912,-88.53916234,561,0.598076565,-1.54909869,
United States,Bluefield (WV),US,37.24563,-81.239389,37.06577388,-81.46535177,37.42548612,-81.01342623,562,0.650058875,-1.41789482,
United States,Natchitoches (LA),US,31.718012,-93.102799,31.53815588,-93.31424945,31.89786812,-92.89134855,563,0.553583742,-1.624950385,
United States,Longview (TX),US,32.458153,-94.722951,32.27829688,-94.93611716,32.63800912,-94.50978484,564,0.566501639,-1.653227372,
United States,Athens (OH),US,39.342986,-82.072997,39.16312988,-82.30558725,39.52284212,-81.84040675,565,0.686664643,-1.432444025,
United States,Vernon (TX),US,34.149913,-99.319073,33.97005688,-99.5364251,34.32976912,-99.1017209,566,0.596028421,-1.733444834,
United States,Benton Harbor (MI),US,42.09435,-86.44283,41.91449388,-86.68523543,42.27420612,-86.20042457,567,0.734685004,-1.508711998,
United States,Wytheville (VA),US,36.973256,-81.127013,36.79339988,-81.35215957,37.15311212,-80.90186643,568,0.645305052,-1.415933489,
United States,Hazard (KY),US,37.283373,-83.230285,37.10351688,-83.45636153,37.46322912,-83.00420847,569,0.650717615,-1.452642511,
United States,Abingdon (VA),US,36.727284,-81.928024,36.54742788,-82.15244971,36.90714012,-81.70359829,570,0.641012031,-1.429913768,
United States,McAlester (OK),US,34.900748,-95.768959,34.72089188,-95.98826161,35.08060412,-95.54965639,571,0.609132964,-1.671483656,
United States,Ontario (OR),US,44.013228,-116.981707,43.83337188,-117.2317945,44.19308412,-116.7316195,572,0.768175743,-2.041715952,
United States,Pikeville (KY),US,37.476527,-82.563897,37.29667088,-82.79055749,37.65638312,-82.33723651,573,0.654088788,-1.441011846,
United States,Nephi (UT),US,39.72965,-111.824717,39.54979388,-112.0586009,39.90950612,-111.5908331,574,0.693413203,-1.951709497,
United States,Vivian (LA),US,32.839934,-93.978246,32.66007788,-94.1923181,33.01979012,-93.7641739,575,0.573164974,-1.640229818,
Vietnam,Ho Chi Minh City,VN,10.795785,106.666262,10.61592888,106.4832145,10.97564112,106.8493095,576,0.188421994,1.861677473,
Vietnam,Hanoi,VN,20.988997,105.858619,20.80914088,105.6659551,21.16885312,106.0512829,577,0.366327104,1.847581443,
